Country,IMF,World Bank,CIA,,log GDP/p,latitude,ancestry,gap,afg,alb,dza,ago,arg,arm,aus,aut,aze,bhr,bgd,blr,bel,blz,ben,btn,bol,bih,bwa,bra,bgr,bfa,bdi,khm,cmr,can,cpv,caf,tcd,chl,chn,col,com,zar,cog,cil,cri,civ,hrv,cub,cyp,cze,dnk,dom,tmp,ecu,egy,slv,gnq,eri,est,eth,fji,fin,fra,gab,gmb,geo,deu,gha,grc,gtm,gin,gnb,guy,hti,hnd,hkg,hun,isl,ind,idn,irn,irq,irl,isr,ita,jam,jpn,jor,kaz,ken,prk,kor,kwt,kgz,lao,lva,lbn,lso,lbr,lby,ltu,lux,mkd,mdg,mwi,mys,mli,mlt,mrt,mus,mex,mda,mng,mar,moz,mmr,nam,npl,nld,nzl,nic,ner,nga,niu,nor,omn,pak,pan,png,pry,per,phl,pol,prt,pri,qat,rom,rus,rwa,vct,wsm,stp,sau,sen,yug,sle,sgp,svk,svn,som,zaf,esp,lka,sdn,swz,swe,che,syr,oan,tjk,tza,tha,tgo,ton,tto,tun,tur,tkm,uga,ukr,are,gbr,usa,ury,uzb,ven,vnm,yem,zmb,zwe
Afghanistan,"2,116","2,093","1,500",,7.646353722,33.93911,34.7443618,0.8052518,0.87,0,0,0,0,0,0,0,0,0,0,0,0,0,0,0,0,0,0,0,0,0,0,0,0,0,0,0,0,0,0,0,0,0,0,0,0,0,0,0,0,0,0,0,0,0,0,0,0,0,0,0,0,0,0,0,0,0,0,0,0,0,0,0,0,0,0,0,0,0,0,0,0.01,0,0,0,0,0,0,0,0,0,0,0,0,0,0,0,0,0,0,0,0,0,0,0,0,0,0,0,0,0,0,0,0,0,0,0,0,0,0,0,0,0,0,0,0,0,0,0,0,0,0,0,0,0,0,0,0,0,0,0,0,0,0,0,0,0,0,0,0,0,0,0,0,0,0,0,0,0,0,0,0,0,0,0,0,0,0,0.03,0,0,0,0,0,0,0.09,0,0,0,0,0
Albania,"20,632","21,395","14,500",,9.970912529,41.153332,41.14194144,-0.01139056,0,0.963,0,0,0,0,0,0,0,0,0,0,0,0,0,0,0,0,0,0,0,0,0,0,0,0,0,0,0,0,0,0,0,0,0,0,0,0,0,0,0,0,0,0,0,0,0,0,0,0,0,0,0,0,0,0,0,0,0,0,0.018,0,0,0,0,0,0,0,0,0,0,0,0,0,0,0,0,0,0,0,0,0,0,0,0,0,0,0,0,0,0,0,0,0,0.009,0,0,0,0,0,0,0,0,0,0,0,0,0,0,0,0,0,0,0,0,0,0,0,0,0,0,0,0,0,0,0,0,0,0,0,0,0,0,0,0,0,0.01,0,0,0,0,0,0,0,0,0,0,0,0,0,0,0,0,0,0,0,0,0,0,0,0,0,0,0,0,0,0,0,0,0,0,0
Algeria,"16,483","17,027","11,000",,9.742555598,28.033886,28.0339,1.4E-05,0,0,1,0,0,0,0,0,0,0,0,0,0,0,0,0,0,0,0,0,0,0,0,0,0,0,0,0,0,0,0,0,0,0,0,0,0,0,0,0,0,0,0,0,0,0,0,0,0,0,0,0,0,0,0,0,0,0,0,0,0,0,0,0,0,0,0,0,0,0,0,0,0,0,0,0,0,0,0,0,0,0,0,0,0,0,0,0,0,0,0,0,0,0,0,0,0,0,0,0,0,0,0,0,0,0,0,0,0,0,0,0,0,0,0,0,0,0,0,0,0,0,0,0,0,0,0,0,0,0,0,0,0,0,0,0,0,0,0,0,0,0,0,0,0,0,0,0,0,0,0,0,0,0,0,0,0,0,0,0,0,0,0,0,0,0,0,0,0,0,0,0
Angola,"7,153","8,041","5,900",,8.992308733,11.202692,11.82948311,0.626791107,0,0,0,0.98,0,0,0,0,0,0,0,0,0,0,0,0,0,0,0,0,0,0,0,0,0,0,0,0,0,0,0,0,0,0,0,0,0,0,0,0,0,0,0,0,0,0,0,0,0,0,0,0,0,0,0.0027,0,0,0,0,0,0,0,0,0,0,0,0,0,0,0,0,0,0,0,0,0,0,0,0,0,0,0,0,0,0,0,0,0,0,0,0,0,0,0,0,0,0,0,0,0,0,0,0,0,0,0,0,0,0,0,0,0,0,0,0,0,0,0,0,0,0,0,0,0,0,0.012,0,0,0,0,0,0,0,0,0,0,0,0,0,0,0,0,0,0.0027,0,0,0,0,0,0,0,0,0,0,0,0,0,0,0,0,0,0,0,0.0026,0,0,0,0,0,0,0,0
Argentina,"26,390","29,363","21,500",,10.28749066,38.416097,42.08302775,3.666930745,0,0,0,0.00545905,0.05,0,0,0,0,0,0,0,0,0,0.0009863,0,0,0,0,0,0,0,0,0,0.0004524,0,0,0,0,0,0,0,0,0.00118675,0.00166145,0,0,0.0000948,0,0,0,0,0,0,0,0,0,0,0.0000936,0,0,0,0,0,0.03085,0.00149875,0.0000668,0,0.03255,0.004238,0,0,0.0002093,0.0001002,0,0,0,0,0,0,0,0,0,0,0,0.0045,0.44136,0,0,0,0,0,0,0,0,0,0,0,0.021,0,0.0002212,0,0.0001275,0,0,0.00019072,0,0,0,0,0,0,0,0,0,0,0.00030396,0,0,0,0,0,0,0,0.001877,0,0,0,0,0,0,0,0,0,0.030255,0.000555,0,0,0.0005525,0.0302125,0,0,0,0.000234,0,0.000167,0,0.0004347,0,0,0,0,0,0.30222,0,0,0,0,0,0.0045,0,0,0.00010132,0,0.0004227,0,0,0,0.001105,0,0,0.0002125,0,0.03,0,0,0,0,0,0,0,0
Armenia,"21,746","23,055","14,200",,10.28749066,40.069099,40.16016435,0.09106535,0,0,0,0,0,0.975,0,0,0.005,0,0,0,0,0,0,0,0,0,0,0,0,0,0,0,0,0,0,0,0,0,0,0,0,0,0,0,0,0,0,0,0,0,0,0,0,0,0,0,0,0,0,0,0,0,0,0,0,0,0,0,0,0,0,0,0,0,0,0,0,0,0,0,0,0,0,0,0,0,0,0,0,0,0,0,0,0,0,0,0,0,0,0,0,0,0,0,0,0,0,0,0,0,0,0,0,0,0,0,0,0,0,0,0,0,0,0,0,0,0,0,0,0,0,0,0,0,0,0,0,0.005,0,0,0,0,0,0,0,0,0,0,0,0,0,0,0,0,0,0,0,0,0,0,0,0,0,0,0,0,0.015,0,0,0,0,0,0,0,0,0,0,0,0,0
Australia,"66,627","69,115","49,800",,11.14352706,25.274398,50.66167419,25.38727619,0,0,0,0,0,0.001,0.02,0.002,0,0,0,0,0,0,0,0,0,0.001,0,0,0,0,0,0.001,0,0,0,0,0,0,0.023,0,0,0,0,0,0,0,0.008,0,0,0.001,0.004,0,0,0,0.002,0,0,0,0,0,0,0.001,0.00535,0,0,0,0.03605,0,0.018,0,0,0,0,0,0,0,0.004,0,0.008,0.003,0,0.001,0.086,0,0.03456,0,0.002,0,0,0,0,0.002,0,0,0,0.001,0.014,0,0,0,0.0000525,0,0.005,0,0,0.001,0,0.008,0,0,0,0,0,0,0,0,0,0,0.014,0,0,0,0,0,0.002,0,0,0,0,0,0,0.008,0.009105,0.002805,0,0,0.0012275,0.0040875,0,0,0,0,0,0,0.003,0,0,0.001,0.001,0,0,0.01022,0,0,0,0.003,0.002,0,0,0,0,0.002,0,0,0,0,0.003455,0,0,0.0020875,0,0.629,0,0,0,0,0.009,0,0,0
Austria,"69,460","73,751","54,100",,11.20844983,47.516231,47.37008738,-0.14614362,0,0,0,0,0,0,0,0.952,0,0,0,0,0,0,0,0,0,0.013,0,0,0,0,0,0,0,0,0,0,0,0,0,0,0,0,0,0,0,0,0.002,0,0,0,0,0,0,0,0,0,0,0,0,0,0,0,0,0,0,0,0.009,0,0,0,0,0,0,0,0,0,0,0,0,0,0,0,0,0,0,0,0,0,0,0,0,0,0,0,0,0,0,0,0,0,0,0,0,0,0,0,0,0,0,0,0,0,0,0,0,0,0,0,0,0,0,0,0,0,0,0,0,0,0,0,0,0,0.005,0,0,0,0,0,0,0,0,0,0,0,0.003,0,0,0,0,0,0,0,0,0,0,0,0,0,0,0,0,0,0,0,0,0,0.016,0,0,0,0,0,0,0,0,0,0,0,0,0
Bangladesh,"9,416","9,066","5,900",,9.112286432,23.684994,23.6231638,-0.0618302,0,0,0,0,0,0,0,0,0,0,0.98,0,0,0,0,0,0,0,0,0,0,0,0,0,0,0,0,0,0,0,0,0,0,0,0,0,0,0,0,0,0,0,0,0,0,0,0,0,0,0,0,0,0,0,0,0,0,0,0,0,0,0,0,0,0,0,0,0,0,0,0.02,0,0,0,0,0,0,0,0,0,0,0,0,0,0,0,0,0,0,0,0,0,0,0,0,0,0,0,0,0,0,0,0,0,0,0,0,0,0,0,0,0,0,0,0,0,0,0,0,0,0,0,0,0,0,0,0,0,0,0,0,0,0,0,0,0,0,0,0,0,0,0,0,0,0,0,0,0,0,0,0,0,0,0,0,0,0,0,0,0,0,0,0,0,0,0,0,0,0,0,0,0
Belarus,"25,685","30,752","19,800",,10.33371031,53.709807,54.608443,0.898636,0,0,0,0,0,0,0,0,0,0,0,0.885,0,0,0,0,0,0,0,0,0,0,0,0,0,0,0,0,0,0,0,0,0,0,0,0,0,0,0,0,0,0,0,0,0,0,0,0,0,0,0,0,0,0,0,0,0,0,0,0,0,0,0,0,0,0,0,0,0,0,0,0,0,0,0,0,0,0,0,0,0,0,0,0,0,0,0,0,0,0,0,0,0,0,0,0,0,0,0,0,0,0,0,0,0,0,0,0,0,0,0,0,0,0,0,0,0,0,0,0,0,0,0,0,0,0,0,0,0,0.115,0,0,0,0,0,0,0,0,0,0,0,0,0,0,0,0,0,0,0,0,0,0,0,0,0,0,0,0,0,0,0,0,0,0,0,0,0,0,0,0,0,0
Belgium,"68,079","70,456","51,700",,11.16274368,50.503887,49.99416633,-0.50972067,0,0,0.006,0,0,0,0,0,0,0,0,0,0.955,0,0,0,0,0,0,0,0,0,0,0,0,0,0,0,0,0,0,0,0,0,0,0,0,0,0,0,0,0,0,0,0,0,0,0,0,0,0,0,0,0,0.004,0,0,0,0.005,0,0,0,0,0,0,0,0,0,0,0,0,0,0,0,0,0,0.009,0,0,0,0,0,0,0,0,0,0,0,0,0,0,0,0,0,0,0,0,0,0,0,0,0,0,0,0,0.01,0,0,0,0,0.002,0,0,0,0,0,0,0,0,0,0,0,0,0,0,0.003,0,0,0,0,0,0,0,0,0,0,0,0,0,0,0,0,0,0.002,0,0,0,0,0,0,0,0,0,0,0,0,0,0,0.004,0,0,0,0,0,0,0,0,0,0,0,0,0
Benin,"4,558","4,248","3,300",,8.354203563,9.30769,9.751496779,0.443806779,0,0,0,0,0,0,0,0,0,0,0,0,0,0,0.899,0,0,0,0,0,0,0.02,0,0,0,0,0,0,0,0,0,0,0,0,0,0,0,0.012,0,0,0,0,0,0,0,0,0,0,0,0,0,0,0,0,0,0,0,0,0,0.012,0,0,0,0,0,0,0,0,0,0,0,0,0,0,0,0,0,0,0,0,0,0,0,0,0,0,0,0,0,0,0,0,0,0,0,0,0,0,0.0413,0,0,0,0,0,0,0,0,0,0,0,0,0,0,0,0,0,0,0,0,0,0,0,0,0,0,0,0,0,0,0,0,0,0,0,0,0.0157,0,0,0,0,0,0,0,0,0,0,0,0,0,0,0,0,0,0,0,0,0,0,0,0,0,0,0,0,0,0,0,0,0,0,0,0
Bolivia,"10,693","10,727","8,100",,9.280519207,16.290154,22.99602404,6.705870042,0,0,0,0.00247704,0,0,0,0,0,0,0,0,0,0,0.00044753,0,0.72360003,0,0,0,0,0,0,0,0.00020528,0,0,0,0,0,0,0,0,0.00053849,0.00075388,0,0,0.00004302,0,0,0,0,0,0,0,0,0,0,0.00004247,0,0,0,0,0,0,0.00068006,0.00003031,0,0.03,0.00192299,0,0,0.00009497,0.00004547,0,0,0,0,0,0,0,0,0,0,0,0,0,0,0,0,0,0,0,0,0,0,0,0,0,0,0.00010037,0,0,0,0,0.00008654,0,0,0,0,0,0,0,0,0,0,0.00013792,0,0,0,0,0,0,0,0.00085169,0,0,0,0,0,0,0,0,0,0,0,0,0,0,0,0,0,0,0.00010618,0,0.00007578,0,0.00019724,0,0,0,0,0,0.237325,0,0,0,0,0,0,0,0,0.00004597,0,0.0001918,0,0,0,0,0,0,0,0,0,0,0,0,0,0,0,0,0
Bosnia and Herzegovina,"20,623","22,846","15,700",,10.03653133,43.915886,43.91589,4E-06,0,0,0,0,0,0,0,0,0,0,0,0,0,0,0,0,0,1,0,0,0,0,0,0,0,0,0,0,0,0,0,0,0,0,0,0,0,0,0,0,0,0,0,0,0,0,0,0,0,0,0,0,0,0,0,0,0,0,0,0,0,0,0,0,0,0,0,0,0,0,0,0,0,0,0,0,0,0,0,0,0,0,0,0,0,0,0,0,0,0,0,0,0,0,0,0,0,0,0,0,0,0,0,0,0,0,0,0,0,0,0,0,0,0,0,0,0,0,0,0,0,0,0,0,0,0,0,0,0,0,0,0,0,0,0,0,0,0,0,0,0,0,0,0,0,0,0,0,0,0,0,0,0,0,0,0,0,0,0,0,0,0,0,0,0,0,0,0,0,0,0,0
Botswana,"20,097","19,383","14,800",,9.872151672,22.328474,28.28064248,5.95216848,0,0,0,0,0,0,0,0,0,0,0,0,0,0,0,0,0,0,0.312,0,0,0,0,0,0,0,0,0,0,0,0,0,0,0,0,0,0,0,0,0,0,0,0,0,0,0,0,0,0,0,0,0,0,0,0.005,0,0,0,0.005,0,0,0,0,0,0,0,0,0,0,0,0,0,0,0,0,0,0,0,0,0,0,0,0,0,0,0,0,0,0,0,0,0,0,0,0,0,0,0,0,0,0,0,0,0,0,0,0,0,0,0,0.005,0,0,0,0,0,0,0,0,0,0,0,0,0,0,0,0,0,0,0,0,0,0,0,0,0,0,0,0,0,0,0,0.673,0,0,0,0,0,0,0,0,0,0,0,0,0,0,0,0,0,0,0,0,0,0,0,0,0,0,0,0,0
Brazil,"20,809","20,584","14,100",,9.932269354,14.235004,33.18806168,18.95305768,0,0,0,0.06607173,0,0,0,0,0,0,0,0,0,0,0.00249369,0,0,0,0,0.090768,0,0,0,0,0.00084195,0,0,0,0,0,0,0,0,0.01436342,0.02010879,0,0,0,0,0,0,0,0,0,0,0,0,0,0.0001742,0,0,0,0,0,0,0.01494408,0.0002354,0,0.05,0.00321716,0,0,0.00014281,0.0003531,0,0,0,0,0,0,0,0,0,0,0,0,0.11,0,0.008,0,0,0,0,0,0,0,0,0,0,0,0,0,0,0,0,0.00869291,0,0,0,0,0,0,0,0,0,0,0.01385433,0,0,0,0,0,0,0,0.0044334,0,0,0,0,0,0,0,0,0,0,0.55429763,0,0,0,0,0,0,0,0.00043549,0,0.0005885,0,0.00029661,0,0,0,0,0,0.03,0,0,0,0,0,0,0,0,0.00461811,0,0.00106872,0,0,0,0,0,0,0,0,0,0,0,0,0,0,0,0,0
Bulgaria,"35,963","38,690","24,400",,10.56333645,42.733883,42.77899433,0.045111327,0,0,0,0,0,0,0,0,0,0,0,0,0,0,0,0,0,0.007,0,0,0.9569,0,0,0,0,0,0,0,0,0,0,0,0,0,0,0,0,0,0.0019,0,0,0.0007,0,0,0,0,0,0,0,0,0,0,0,0,0,0,0,0,0,0,0,0,0,0,0,0,0,0,0.0089,0,0,0,0,0,0,0,0,0,0,0,0,0,0,0,0,0,0,0,0,0,0,0,0,0,0.0018,0,0,0,0,0,0,0,0,0,0,0,0,0,0,0,0,0,0,0,0,0,0,0,0,0,0,0,0,0,0,0,0,0,0.0074,0,0,0,0,0,0,0,0.0024,0,0,0,0.0015,0,0,0,0,0,0,0,0,0,0,0,0,0,0,0,0,0,0.0115,0,0,0,0,0,0,0,0,0,0,0,0,0
Burkina Faso,"2,781","2,727","2,200",,7.910957383,12.238333,12.23833,-3E-06,0,0,0,0,0,0,0,0,0,0,0,0,0,0,0,0,0,0,0,0,0,1,0,0,0,0,0,0,0,0,0,0,0,0,0,0,0,0,0,0,0,0,0,0,0,0,0,0,0,0,0,0,0,0,0,0,0,0,0,0,0,0,0,0,0,0,0,0,0,0,0,0,0,0,0,0,0,0,0,0,0,0,0,0,0,0,0,0,0,0,0,0,0,0,0,0,0,0,0,0,0,0,0,0,0,0,0,0,0,0,0,0,0,0,0,0,0,0,0,0,0,0,0,0,0,0,0,0,0,0,0,0,0,0,0,0,0,0,0,0,0,0,0,0,0,0,0,0,0,0,0,0,0,0,0,0,0,0,0,0,0,0,0,0,0,0,0,0,0,0,0,0
Burundi,916,951,700,,6.857514063,3.373056,3.350131552,-0.022924448,0,0,0,0,0,0,0,0,0,0,0,0,0,0,0,0,0,0,0,0,0,0,0.984,0,0,0,0,0,0,0,0,0,0,0,0,0,0,0,0,0,0,0,0,0,0,0,0,0,0,0,0,0,0,0,0,0,0,0,0,0,0,0,0,0,0,0,0,0,0,0,0,0,0,0,0,0,0,0,0,0,0,0,0,0,0,0,0,0,0,0,0,0,0,0,0,0,0,0,0,0,0,0,0,0,0,0,0,0,0,0,0,0,0,0,0,0,0,0,0,0,0,0,0,0,0,0,0,0,0,0,0.016,0,0,0,0,0,0,0,0,0,0,0,0,0,0,0,0,0,0,0,0,0,0,0,0,0,0,0,0,0,0,0,0,0,0,0,0,0,0,0,0,0
Cambodia,"8,287","5,624","4,400",,8.634798433,12.565679,12.8732718,0.3075928,0,0,0,0,0,0,0,0,0,0,0,0,0,0,0,0,0,0,0,0,0,0,0,0.94,0,0,0,0,0,0,0.01,0,0,0,0,0,0,0,0,0,0,0,0,0,0,0,0,0,0,0,0,0,0,0,0,0,0,0,0,0,0,0,0,0,0,0,0,0,0,0,0,0,0,0,0,0,0,0,0,0,0,0,0,0,0,0,0,0,0,0,0,0,0,0,0,0,0,0,0,0,0,0,0,0,0,0,0,0,0,0,0,0,0,0,0,0,0,0,0,0,0,0,0,0,0,0,0,0,0,0,0,0,0,0,0,0,0,0,0,0,0,0,0,0,0,0,0,0,0,0,0,0,0,0,0,0,0,0,0,0,0,0,0,0,0,0,0,0,0.05,0,0,0
Cameroon,"4,842","5,380","3,700",,8.590443653,7.369722,8.069090695,0.699368695,0,0,0,0,0,0,0,0,0,0,0,0,0,0,0,0,0,0,0,0,0,0,0,0,0.9,0,0,0.014,0.014,0,0,0,0,0,0,0,0,0,0,0,0,0,0,0,0,0,0,0,0,0,0,0,0,0,0,0,0,0,0,0,0,0,0,0,0,0,0,0,0,0,0,0,0,0,0,0,0,0,0,0,0,0,0,0,0,0,0,0,0,0,0,0,0,0,0,0,0,0,0.04,0,0,0,0,0,0,0,0,0,0,0,0,0,0,0.003,0.009,0,0,0,0,0,0,0,0,0,0,0,0,0,0,0,0,0,0,0,0,0.02,0,0,0,0,0,0,0,0,0,0,0,0,0,0,0,0,0,0,0,0,0,0,0,0,0,0,0,0,0,0,0,0,0,0,0,0
Canada,"60,495","61,582","47,900",,11.0281249,56.130366,48.38445794,-7.745908062,0,0,0,0.0020762,0,0.001,0,0.003,0,0,0,0,0.002,0,0.0008934,0,0,0,0,0,0,0,0,0,0.0010761,0.0327,0,0,0,0,0.0359,0,0,0.0004513,0.0006319,0,0,0.0001866,0.0036,0,0,0.002,0.003,0,0,0,0.0012,0,0.0002227,0,0,0,0,0.002,0.1815,0.0011935,0.0001393,0,0.076,0.0021593,0.0079,0,0.0002091,0.0002089,0,0,0,0,0.0079,0.001,0.0263,0,0.003,0,0.0441,0,0.045,0,0.002,0,0,0,0,0.003,0,0,0,0,0.0048,0,0.0004354,0,0.0002,0,0,0.0000975,0,0,0,0,0,0,0,0,0,0,0.0001553,0,0,0,0.0253,0,0,0,0.0023896,0,0.0085,0,0.0029,0,0,0,0,0.01,0.0213,0.0105,0,0,0.0038,0.0063,0,0,0,0.0005566,0,0.0003482,0.0024,0.0004344,0,0.001,0,0.001,0,0.0059,0.002,0,0,0.0056,0.002,0,0,0,0.0000518,0,0.0003829,0,0,0,0.0016,0,0,0.0297,0,0.3518,0,0,0,0,0.005,0,0,0
Central African Republic,"1,123","1,130",800,,7.029972912,6.611111,9.547796944,2.936685944,0,0,0,0,0,0,0,0,0,0,0,0,0,0,0,0,0,0,0,0,0,0,0,0,0.38,0,0,0.253,0.01,0,0,0,0,0,0,0,0,0,0,0,0,0,0,0,0,0,0,0,0,0,0,0,0,0,0.006,0,0,0,0,0,0,0,0,0,0,0,0,0,0,0,0,0,0,0,0,0,0,0,0,0,0,0,0,0,0,0,0,0,0,0,0,0,0,0,0,0,0,0,0.03,0,0,0,0,0,0,0,0,0,0,0,0,0,0,0.0115,0.0245,0,0,0,0,0,0,0,0,0,0,0,0,0,0,0,0,0,0,0,0,0.015,0,0,0,0,0,0,0,0,0,0.27,0,0,0,0,0,0,0,0,0,0,0,0,0,0,0,0,0,0,0,0,0,0,0,0,0,0
Chad,"2,620","1,969","1,400",,7.585281079,15.454166,15.41975267,-0.034413329,0,0,0,0,0,0,0,0,0,0,0,0,0,0,0,0,0,0,0,0,0,0,0,0,0,0,0,0,0.973,0,0,0,0,0,0,0,0,0,0,0,0,0,0,0,0,0,0,0,0,0,0,0,0,0,0,0,0,0,0,0,0,0,0,0,0,0,0,0,0,0,0,0,0,0,0,0,0,0,0,0,0,0,0,0,0,0,0,0,0,0,0,0,0,0,0,0,0,0,0.01,0,0,0,0,0,0,0,0,0,0,0,0,0,0,0.003,0.009,0,0,0,0,0,0,0,0,0,0,0,0,0,0,0,0,0,0,0,0,0.005,0,0,0,0,0,0,0,0,0,0,0,0,0,0,0,0,0,0,0,0,0,0,0,0,0,0,0,0,0,0,0,0,0,0,0,0
Chile,"31,005","33,285","25,400",,10.41286212,35.675147,38.40513124,2.729984243,0,0,0,0.00382134,0,0,0,0,0,0,0,0,0,0,0.00069041,0,0,0,0,0,0,0,0,0,0.00031668,0,0,0,0,0.373,0,0,0,0.00083073,0.00116302,0,0,0.00006636,0,0,0,0,0,0,0,0,0,0,0.00006552,0,0,0,0,0,0.01085,0.00104912,0.00004676,0,0.01255,0.0029666,0,0,0.00014651,0.00007014,0,0,0,0,0,0,0,0,0,0,0,0.02,0.01136,0,0,0,0,0,0,0,0,0,0,0,0,0,0.00015484,0,0.0001275,0,0,0.0001335,0,0,0,0,0,0,0,0,0,0,0.00021277,0,0,0,0,0,0,0,0.0013139,0,0,0,0,0,0,0,0,0,0.000255,0.000555,0,0,0.0005525,0.0002125,0,0,0,0.0001638,0,0.0001169,0,0.00030429,0,0,0,0,0,0.54522002,0,0,0,0,0,0,0,0,0.00007092,0,0.00029589,0,0,0,0.001105,0,0,0.0002125,0,0.01,0,0,0,0,0,0,0,0
China,"25,015","24,558","17,600",,10.10879295,35.86166,35.86166,0,0,0,0,0,0,0,0,0,0,0,0,0,0,0,0,0,0,0,0,0,0,0,0,0,0,0,0,0,0,0,1,0,0,0,0,0,0,0,0,0,0,0,0,0,0,0,0,0,0,0,0,0,0,0,0,0,0,0,0,0,0,0,0,0,0,0,0,0,0,0,0,0,0,0,0,0,0,0,0,0,0,0,0,0,0,0,0,0,0,0,0,0,0,0,0,0,0,0,0,0,0,0,0,0,0,0,0,0,0,0,0,0,0,0,0,0,0,0,0,0,0,0,0,0,0,0,0,0,0,0,0,0,0,0,0,0,0,0,0,0,0,0,0,0,0,0,0,0,0,0,0,0,0,0,0,0,0,0,0,0,0,0,0,0,0,0,0,0,0,0,0,0
Colombia,"19,770","21,548","14,600",,9.978038284,4.570868,21.49042503,16.91955703,0,0,0,0.04722078,0,0,0,0,0,0,0,0,0,0,0.00853149,0,0,0,0,0,0,0,0,0,0.00391326,0,0,0,0,0,0,0.37099999,0,0.01026539,0.01437154,0,0,0.00082002,0,0,0,0,0,0,0,0,0,0,0.00080964,0,0,0,0,0,0,0.01296419,0.00057782,0,0,0.0366587,0,0,0.00181044,0.00086673,0,0,0,0,0,0,0,0,0,0,0,0,0,0,0,0,0,0,0,0,0,0,0,0,0,0,0.00191338,0,0,0,0,0.00164973,0,0,0,0,0,0,0,0,0,0,0.00262925,0,0,0,0,0,0,0,0.01623605,0,0,0,0,0,0,0,0,0,0,0,0,0,0,0,0,0,0,0.0020241,0,0.00144455,0,0.00376016,0,0,0,0,0,0.45599997,0,0,0,0,0,0,0,0,0.00087642,0,0.00365635,0,0,0,0,0,0,0,0,0,0,0,0,0,0,0,0,0
Congo,"4,740","6,933","3,200",,8.844047899,0.228021,0.228021,0,0,0,0,0,0,0,0,0,0,0,0,0,0,0,0,0,0,0,0,0,0,0,0,0,0,0,0,0,0,0,0,0,0,0,1,0,0,0,0,0,0,0,0,0,0,0,0,0,0,0,0,0,0,0,0,0,0,0,0,0,0,0,0,0,0,0,0,0,0,0,0,0,0,0,0,0,0,0,0,0,0,0,0,0,0,0,0,0,0,0,0,0,0,0,0,0,0,0,0,0,0,0,0,0,0,0,0,0,0,0,0,0,0,0,0,0,0,0,0,0,0,0,0,0,0,0,0,0,0,0,0,0,0,0,0,0,0,0,0,0,0,0,0,0,0,0,0,0,0,0,0,0,0,0,0,0,0,0,0,0,0,0,0,0,0,0,0,0,0,0,0,0
Costa Rica,"28,558","27,953","21,200",,10.23827981,9.748917,28.36205085,18.61313385,0,0,0,0.01293621,0,0,0,0,0,0,0,0,0,0,0.00556652,0,0,0,0,0,0,0,0,0,0.00670522,0,0,0,0,0,0.01,0,0,0.00281222,0.00393711,0,0.29700002,0.00116275,0,0,0,0,0,0,0,0,0,0,0.00138729,0,0,0,0,0,0,0.00743651,0.00086783,0,0,0.0134541,0,0,0.00130309,0.00130175,0,0,0,0,0,0,0,0,0,0,0,0,0,0,0,0,0,0,0,0,0,0,0,0,0,0,0.00271309,0,0,0,0,0.00060731,0,0,0,0,0,0,0,0,0,0,0.00096789,0,0,0,0,0,0,0,0.01488861,0,0,0,0,0,0,0,0,0,0,0,0,0,0,0,0,0,0,0.00346822,0,0.00216959,0,0.00270641,0,0,0,0,0,0.60390002,0,0,0,0,0,0,0,0,0.00032263,0,0.00238565,0,0,0,0,0,0,0,0,0,0,0,0,0,0,0,0,0
Croatia,"45,702","45,910","31,600",,10.73443824,45.1,44.8215984,-0.2784016,0,0,0,0,0,0,0,0,0,0,0,0,0,0,0,0,0,0.1728,0,0,0.0027,0,0,0,0,0,0,0,0,0,0,0,0,0,0,0,0,0,0.7358,0,0,0.0003,0,0,0,0,0,0,0,0,0,0,0,0,0,0,0,0,0.005,0,0,0,0,0,0,0,0,0,0.0086,0,0,0,0,0,0,0,0,0,0,0,0,0,0,0,0,0,0,0,0,0,0,0,0,0,0.0007,0,0,0,0,0,0,0,0,0,0,0,0,0,0,0,0,0,0,0,0,0,0,0,0,0,0,0,0,0,0,0,0,0,0.003,0,0,0,0,0,0,0,0.061,0,0,0.0006,0.005,0,0,0,0,0,0,0,0,0,0,0,0,0,0,0,0,0,0.0045,0,0,0,0,0,0,0,0,0,0,0,0,0
Cuba,"12,300",,,,9.417354541,21.521757,28.9153518,7.393594799,0,0,0,0.04863781,0,0,0,0,0,0,0,0,0,0,0.02092912,0,0,0,0,0,0,0,0,0,0.02521043,0,0,0,0,0,0.01,0,0,0.01057344,0.01480281,0,0,0.00437175,0,0.025,0,0,0,0,0,0,0,0,0.00521595,0,0,0,0,0,0,0.02795994,0.0032629,0,0,0.050585,0,0,0.00489938,0.00489435,0,0,0,0,0,0,0,0,0,0,0,0,0,0,0,0,0,0,0,0,0,0,0,0,0,0,0.01020075,0,0,0,0,0.00228336,0,0,0,0,0,0,0,0,0,0,0.00363911,0,0,0,0,0,0,0,0.0559785,0,0,0,0,0,0,0,0,0,0,0,0,0,0,0,0,0,0,0.01303987,0,0.00815725,0,0.01017562,0,0,0,0,0,0.63,0,0,0,0,0,0,0,0,0.00121303,0,0.00896963,0,0,0,0,0,0,0,0,0,0,0,0,0,0,0,0,0
Cyprus,"58,733","57,101","41,700",,10.95257691,35.126413,36.09378795,0.96737495,0,0,0,0,0,0.015,0,0,0,0,0,0,0,0,0,0,0,0,0,0,0,0,0,0,0,0,0,0,0,0,0,0,0,0,0,0,0,0,0,0,0.795,0,0,0,0,0,0,0,0,0,0,0,0,0,0,0,0,0,0,0,0,0,0,0,0,0,0,0,0,0,0,0,0,0,0,0,0,0,0,0,0,0,0,0,0,0,0,0,0,0,0,0,0,0,0,0,0,0,0,0,0,0,0,0,0,0,0,0,0,0,0,0,0,0,0,0,0,0,0,0,0,0,0,0,0,0,0,0,0,0,0,0,0,0,0,0,0,0,0,0,0,0,0,0,0,0,0,0,0,0,0,0,0,0,0,0,0,0,0.18,0,0,0,0,0.01,0,0,0,0,0,0,0,0
Czech Republic,"50,475","53,817","40,700",,10.89334468,49.817492,49.816539,-0.000953,0,0,0,0,0,0,0,0,0,0,0,0,0,0,0,0,0,0,0,0,0,0,0,0,0,0,0,0,0,0,0,0,0,0,0,0,0,0,0,0,0,0.96,0,0,0,0,0,0,0,0,0,0,0,0,0,0,0,0,0.005,0,0,0,0,0,0,0,0,0,0,0,0,0,0,0,0,0,0,0,0,0,0,0,0,0,0,0,0,0,0,0,0,0,0,0,0,0,0,0,0,0,0,0,0,0,0,0,0,0,0,0,0,0,0,0,0,0,0,0,0,0,0,0,0,0,0.01,0,0,0,0,0,0,0,0,0,0,0,0,0,0,0.025,0,0,0,0,0,0,0,0,0,0,0,0,0,0,0,0,0,0,0,0,0,0,0,0,0,0,0,0,0,0,0,0
Denmark,"77,641","76,688","58,000",,11.24750052,56.26392,56.01480144,-0.24911856,0,0,0,0,0,0,0,0,0,0,0,0,0,0,0,0,0,0,0,0,0,0,0,0,0,0,0,0,0,0,0,0,0,0,0,0,0,0,0,0,0,0,0.977,0,0,0,0,0,0,0,0,0,0,0,0,0,0,0,0.005,0,0,0,0,0,0,0,0,0,0,0,0,0,0,0,0,0,0,0,0,0,0,0,0,0,0,0,0,0,0,0,0,0,0,0,0,0,0,0,0,0,0,0,0,0,0,0,0,0,0,0,0.005,0,0,0,0,0,0,0,0,0,0,0,0,0,0,0,0,0,0,0,0,0,0,0,0,0,0.005,0,0,0,0,0,0,0,0,0,0,0,0,0,0,0,0,0,0,0,0,0,0.008,0,0,0,0,0,0,0,0,0,0,0,0,0
Dominican Republic,"27,120","25,611","18,600",,10.15077723,18.735693,25.06425231,6.328559315,0,0,0,0.06446325,0,0,0,0,0,0,0,0,0,0,0.0277389,0,0,0,0,0,0,0,0,0,0.03341322,0,0,0,0,0,0,0,0,0.01401375,0.01961925,0,0,0.0057942,0,0,0,0,0,0.036,0,0,0,0,0.00691308,0,0,0,0,0,0,0.03705735,0.00432456,0,0,0.067044,0,0,0.0064935,0.00648684,0,0,0,0,0,0,0,0,0,0,0,0,0,0,0,0,0,0,0,0,0,0,0,0,0,0,0.0135198,0,0,0,0,0.0030263,0,0,0,0,0,0,0,0,0,0,0.00482317,0,0,0,0,0,0,0,0.0741924,0,0,0,0,0,0,0,0,0,0,0,0,0,0,0,0,0,0,0.0172827,0,0.0108114,0,0.0134865,0,0,0,0,0,0.51999998,0,0,0,0,0,0,0,0,0.00160772,0,0.0118881,0,0,0,0,0,0,0,0,0,0,0,0,0,0,0,0,0
DR Congo,"1,552","1,671","1,100",,7.421177529,4.038333,4.607638937,0.569305937,0,0,0,0,0,0,0,0,0,0,0,0,0,0,0,0,0,0,0,0,0,0,0,0,0.002,0,0,0.011,0.012,0,0,0,0,0.9448,0,0,0,0,0,0,0,0,0,0,0,0,0,0,0,0,0,0,0,0,0.0046,0,0,0,0,0,0,0,0,0,0,0,0,0,0,0,0,0,0,0,0,0,0,0,0,0,0,0,0,0,0,0,0,0,0,0,0,0,0,0,0,0,0,0,0,0,0,0,0,0,0,0,0,0,0,0,0,0,0,0,0.006,0,0,0,0,0,0,0,0,0,0,0,0,0,0,0,0,0,0,0,0,0,0,0,0,0,0,0,0,0,0,0.0196,0,0,0,0,0,0,0,0,0,0,0,0,0,0,0,0,0,0,0,0,0,0,0,0,0,0
East Timor,"3,767","5,109","5,000",,8.538758969,8.874217,8.685756535,-0.188460465,0,0,0,0,0,0,0,0,0,0,0,0,0,0,0,0,0,0,0,0,0,0,0,0,0,0,0,0,0,0,0.005,0,0,0,0,0,0,0,0,0,0,0,0,0,0.955,0,0,0,0,0,0,0,0,0,0,0,0,0,0,0,0,0,0,0,0,0,0,0,0,0,0,0.04,0,0,0,0,0,0,0,0,0,0,0,0,0,0,0,0,0,0,0,0,0,0,0,0,0,0,0,0,0,0,0,0,0,0,0,0,0,0,0,0,0,0,0,0,0,0,0,0,0,0,0,0,0,0,0,0,0,0,0,0,0,0,0,0,0,0,0,0,0,0,0,0,0,0,0,0,0,0,0,0,0,0,0,0,0,0,0,0,0,0,0,0,0,0,0,0,0,0,0,0
Ecuador,"14,485","15,870","10,700",,9.672185814,1.831239,14.59801245,12.76677345,0,0,0,0.01902828,0,0,0,0,0,0,0,0,0,0,0.00343789,0,0,0,0,0,0,0,0,0,0.0015769,0,0,0,0,0,0,0,0,0.00413658,0.00579122,0,0,0.00033044,0,0,0,0,0,0,0,0.61052549,0,0,0.00032626,0,0,0,0,0,0,0.0052241,0.00023284,0,0,0.01477214,0,0,0.00072954,0.00034926,0,0,0,0,0,0,0,0,0,0,0,0,0,0,0,0,0,0,0,0,0,0,0,0,0,0,0.00077102,0,0,0,0,0.00066478,0,0,0,0,0,0,0,0,0,0,0.0010595,0,0,0,0,0,0,0,0.00654254,0,0,0,0,0,0,0,0,0,0,0,0,0,0,0,0,0,0,0.00081564,0,0.0005821,0,0.00151521,0,0,0,0,0,0.31976172,0,0,0,0,0,0,0,0,0.00035316,0,0.00147338,0,0,0,0,0,0,0,0,0,0,0,0,0,0,0,0,0
Egypt,"17,614","18,817","11,600",,9.842515996,26.820553,26.0528743,-0.7676787,0,0,0,0,0,0,0,0,0,0,0,0,0,0,0,0,0,0,0,0,0,0,0,0,0,0,0,0,0,0,0,0,0,0,0,0,0,0,0,0,0,0,0,0,0,0,0.945,0,0,0,0,0,0,0,0,0,0,0,0,0,0,0,0,0,0,0,0,0,0,0,0,0,0,0,0,0,0,0,0,0,0,0,0,0,0,0,0,0,0,0,0,0,0,0,0,0,0,0,0,0,0,0,0,0,0,0,0,0,0,0,0,0,0,0,0,0,0,0,0,0,0,0,0,0,0,0,0,0,0,0,0,0,0,0,0,0,0,0,0,0,0,0,0,0,0,0.055,0,0,0,0,0,0,0,0,0,0,0,0,0,0,0,0,0,0,0,0,0,0,0,0,0,0
El Salvador,"12,561","12,542","9,100",,9.436838291,13.794185,27.12893,13.334745,0,0,0,0,0,0,0,0,0,0,0,0,0,0,0,0,0,0,0,0,0,0,0,0,0,0,0,0,0,0,0,0,0,0,0,0,0,0,0,0,0,0,0,0,0,0,0,0.5,0,0,0,0,0,0,0,0,0,0,0,0,0,0,0,0,0,0,0,0,0,0,0,0,0,0,0,0,0,0,0,0,0,0,0,0,0,0,0,0,0,0,0,0,0,0,0,0,0,0,0,0,0,0,0,0,0,0,0,0,0,0,0,0,0,0,0,0,0,0,0,0,0,0,0,0,0,0,0,0,0,0,0,0,0,0,0,0,0,0,0,0,0,0,0,0.5,0,0,0,0,0,0,0,0,0,0,0,0,0,0,0,0,0,0,0,0,0,0,0,0,0,0,0,0
Equatorial Guinea,"18,378","18,724","14,600",,9.837561402,1.650801,8.826428971,7.175627971,0,0,0,0.0263406,0,0,0,0,0,0,0,0,0,0,0.0006356,0,0,0,0,0,0,0,0,0,0.8002146,0,0,0,0,0,0,0,0,0.003661,0.0051254,0,0,0,0,0,0,0,0,0,0,0,0,0,0.0930444,0,0,0,0,0,0,0.003809,0.00006,0,0,0.00082,0,0,0.0000364,0.00009,0,0,0,0,0,0,0,0,0,0,0,0,0,0,0,0,0,0,0,0,0,0,0,0,0,0,0,0,0,0,0,0.00221568,0,0,0,0,0,0,0,0,0,0,0.00353124,0,0,0,0,0,0,0,0.00113,0,0,0,0,0,0,0,0,0,0,0.0095,0,0,0,0,0,0,0,0.000111,0,0.00015,0,0.0000756,0,0,0,0,0,0.048,0,0,0,0,0,0,0,0,0.00117708,0,0.0002724,0,0,0,0,0,0,0,0,0,0,0,0,0,0,0,0,0
Eritrea,"1,832","1,629","1,600",,7.395721609,15.179384,15.77380533,0.594421325,0,0,0,0,0,0,0,0,0,0,0,0,0,0,0,0,0,0,0,0,0,0,0,0,0,0,0,0,0,0,0,0,0,0,0,0,0,0,0,0,0,0,0,0,0,0,0,0,0,0.9755,0,0,0,0,0,0,0,0,0,0,0,0,0,0,0,0,0,0,0,0,0,0,0,0,0,0.0055,0.019,0,0,0,0,0,0,0,0,0,0,0,0,0,0,0,0,0,0,0,0,0,0,0,0,0,0,0,0,0,0,0,0,0,0,0,0,0,0,0,0,0,0,0,0,0,0,0,0,0,0,0,0,0,0,0,0,0,0,0,0,0,0,0,0,0,0,0,0,0,0,0,0,0,0,0,0,0,0,0,0,0,0,0,0,0,0,0,0,0,0,0,0,0,0,0
Estonia,"45,122","48,992","38,700",,10.7994123,58.595272,59.0613529,0.4660809,0,0,0,0,0,0,0,0,0,0,0,0.015,0,0,0,0,0,0,0,0,0,0,0,0,0,0,0,0,0,0,0,0,0,0,0,0,0,0,0,0,0,0,0,0,0,0,0,0,0,0,0.69,0,0,0.01,0,0,0,0,0,0,0,0,0,0,0,0,0,0,0,0,0,0,0,0,0,0,0,0,0,0,0,0,0,0,0,0,0,0,0,0,0,0,0,0,0,0,0,0,0,0,0,0,0,0,0,0,0,0,0,0,0,0,0,0,0,0,0,0,0,0,0,0,0,0,0,0,0,0,0,0.26,0,0,0,0,0,0,0,0,0,0,0,0,0,0,0,0,0,0,0,0,0,0,0,0,0,0,0,0,0,0,0,0.025,0,0,0,0,0,0,0,0,0,0
Eswatini,"12,637","11,741","8,900",,9.370842269,26.522503,19.8728785,-6.649624498,0,0,0,0,0,0,0,0,0,0,0,0,0,0,0,0,0,0,0,0,0,0,0,0,0,0,0,0,0,0,0,0,0,0,0,0,0,0,0,0,0,0,0,0,0,0,0,0,0,0,0,0,0,0,0.00625,0,0,0,0.00625,0,0,0,0,0,0,0,0,0,0,0,0.008,0,0,0,0,0,0,0,0,0,0,0,0,0,0,0,0,0,0,0,0,0,0,0,0,0,0,0,0,0,0,0,0,0,0,0,0.9415,0,0,0,0.00625,0,0,0,0,0,0,0,0,0,0,0,0,0,0,0,0,0,0,0,0,0,0,0,0,0,0,0,0,0,0,0,0.0225,0,0,0,0,0,0,0,0,0,0,0,0,0,0,0,0,0,0,0,0,0.00925,0,0,0,0,0,0,0,0
Ethiopia,"4,019","3,109","2,300",,8.04205641,9.145,9.145,0,0,0,0,0,0,0,0,0,0,0,0,0,0,0,0,0,0,0,0,0,0,0,0,0,0,0,0,0,0,0,0,0,0,0,0,0,0,0,0,0,0,0,0,0,0,0,0,0,0,0,0,1,0,0,0,0,0,0,0,0,0,0,0,0,0,0,0,0,0,0,0,0,0,0,0,0,0,0,0,0,0,0,0,0,0,0,0,0,0,0,0,0,0,0,0,0,0,0,0,0,0,0,0,0,0,0,0,0,0,0,0,0,0,0,0,0,0,0,0,0,0,0,0,0,0,0,0,0,0,0,0,0,0,0,0,0,0,0,0,0,0,0,0,0,0,0,0,0,0,0,0,0,0,0,0,0,0,0,0,0,0,0,0,0,0,0,0,0,0,0,0,0
Finland,"60,851","65,061","48,800",,11.08308057,61.92411,61.92411,0,0,0,0,0,0,0,0,0,0,0,0,0,0,0,0,0,0,0,0,0,0,0,0,0,0,0,0,0,0,0,0,0,0,0,0,0,0,0,0,0,0,0,0,0,0,0,0,0,0,0,0,0,0,1,0,0,0,0,0,0,0,0,0,0,0,0,0,0,0,0,0,0,0,0,0,0,0,0,0,0,0,0,0,0,0,0,0,0,0,0,0,0,0,0,0,0,0,0,0,0,0,0,0,0,0,0,0,0,0,0,0,0,0,0,0,0,0,0,0,0,0,0,0,0,0,0,0,0,0,0,0,0,0,0,0,0,0,0,0,0,0,0,0,0,0,0,0,0,0,0,0,0,0,0,0,0,0,0,0,0,0,0,0,0,0,0,0,0,0,0,0,0
France,"60,339","61,157","45,000",,11.02119961,46.227638,44.83276495,-1.39487305,0,0,0.03,0,0,0.005,0,0,0,0,0,0,0,0,0,0,0,0,0,0,0,0,0,0,0,0,0,0,0,0,0,0,0,0,0,0,0,0,0,0,0,0,0,0,0,0,0,0,0,0,0,0,0,0,0.873,0,0,0,0.01,0,0,0,0,0,0,0,0,0,0,0,0,0,0,0,0,0,0.019,0,0,0,0,0,0,0,0,0,0,0,0,0,0,0,0,0,0,0,0,0,0,0,0,0,0,0,0,0.009,0,0,0,0,0,0,0,0,0,0,0,0,0,0,0,0,0,0,0,0.015,0,0,0,0,0,0,0,0,0,0,0,0,0,0,0,0,0,0.017,0,0,0,0,0,0,0,0,0,0,0,0,0,0.009,0.003,0,0,0,0,0,0,0,0,0,0.01,0,0,0
Gabon,"19,452","21,947","13,800",,9.996385735,0.803689,3.278728597,2.475039597,0,0,0,0,0,0,0,0,0,0,0,0,0,0,0,0,0,0,0,0,0,0,0,0,0.3,0,0,0,0,0,0,0,0,0,0.02,0,0,0,0,0,0,0,0,0,0,0,0,0,0,0,0,0,0,0,0.01,0.664,0,0,0,0,0,0,0,0,0,0,0,0,0,0,0,0,0,0,0,0,0,0,0,0,0,0,0,0,0,0,0,0,0,0,0,0,0,0,0,0,0,0,0,0,0,0,0,0,0,0,0,0,0,0,0,0,0,0.0015,0.0045,0,0,0,0,0,0,0,0,0,0,0,0,0,0,0,0,0,0,0,0,0,0,0,0,0,0,0,0,0,0,0,0,0,0,0,0,0,0,0,0,0,0,0,0,0,0,0,0,0,0,0,0,0,0,0,0,0
Gambia,"2,993","3,163","2,100",,8.059276223,13.443182,13.57295895,0.12977695,0,0,0,0,0,0,0,0,0,0,0,0,0,0,0,0,0,0,0,0,0,0,0,0,0,0,0,0,0,0,0,0,0,0,0,0,0,0,0,0,0,0,0,0,0,0,0,0,0,0,0,0,0,0,0,0,0.995,0,0,0,0,0,0,0,0,0,0,0,0,0,0,0,0,0,0,0,0,0,0,0,0,0,0,0,0,0,0,0,0,0,0,0,0,0,0,0,0,0,0,0,0,0,0,0,0,0,0,0,0,0,0,0,0,0,0,0,0,0,0,0,0,0,0,0,0,0.005,0,0,0,0,0,0,0,0,0,0,0,0,0,0,0,0,0,0,0,0,0,0,0,0,0,0,0,0,0,0,0,0,0,0,0,0,0,0,0,0,0,0,0,0,0,0
Georgia,"25,248","24,681","15,500",,10.113789,42.315407,42.4418145,0.1264075,0,0,0,0,0,0,0,0,0,0,0,0,0,0,0,0,0,0,0,0,0,0,0,0,0,0,0,0,0,0,0,0,0,0,0,0,0,0,0,0,0,0,0,0,0,0,0,0,0,0,0,0,0,0,0,0,0,0.875,0,0,0,0,0,0,0,0,0,0,0,0,0,0,0,0,0,0,0,0,0,0,0,0,0,0,0,0,0,0,0,0,0,0,0,0,0,0,0,0,0,0,0,0,0,0,0,0,0,0,0,0,0,0,0,0,0,0,0,0,0,0,0,0,0,0,0,0,0,0,0,0.02,0,0,0,0,0,0,0,0,0,0,0,0,0,0,0,0,0,0,0,0,0,0,0,0,0,0,0,0,0.095,0,0,0.01,0,0,0,0,0,0,0,0,0,0
Germany,"67,245","69,338","53,100",,11.14674838,51.165691,50.67559876,-0.49009224,0,0,0,0,0,0,0,0,0,0,0,0,0,0,0,0,0,0,0,0,0,0,0,0,0,0,0,0,0,0,0,0,0,0,0,0,0,0,0,0,0,0,0,0,0,0,0,0,0,0,0,0,0,0,0,0,0,0,0.944,0,0.007,0,0,0,0,0,0,0,0,0,0,0,0,0,0,0,0.008,0,0,0,0,0,0,0,0,0,0,0,0,0,0,0,0,0,0,0,0,0,0,0,0,0,0,0,0,0,0,0,0,0,0,0,0,0,0,0,0,0,0,0,0,0,0,0,0,0,0,0,0,0.006,0,0,0,0,0,0,0.006,0,0,0,0,0,0,0.005,0,0,0,0,0,0,0,0,0,0,0,0,0,0,0.024,0,0,0,0,0,0,0,0,0,0,0,0,0
Ghana,"7,156","7,466","5,400",,8.918114659,7.946527,7.986468022,0.039941022,0,0,0,0,0,0,0,0,0,0,0,0,0,0,0,0,0,0,0,0,0,0,0,0,0,0,0,0,0,0,0,0,0,0,0,0,0,0,0,0,0,0,0,0,0,0,0,0,0,0,0,0,0,0,0,0,0,0,0,0.98,0,0,0,0,0,0,0,0,0,0,0,0,0,0,0,0,0,0,0,0,0,0,0,0,0,0,0,0,0,0,0,0,0,0,0,0,0,0,0,0,0,0,0,0,0,0,0,0,0,0,0,0,0,0.002,0.018,0,0,0,0,0,0,0,0,0,0,0,0,0,0,0,0,0,0,0,0,0,0,0,0,0,0,0,0,0,0,0,0,0,0,0,0,0,0,0,0,0,0,0,0,0,0,0,0,0,0,0,0,0,0,0,0,0
Greece,"41,188","41,187","29,500",,10.62587795,39.074208,39.07421,2E-06,0,0,0,0,0,0,0,0,0,0,0,0,0,0,0,0,0,0,0,0,0,0,0,0,0,0,0,0,0,0,0,0,0,0,0,0,0,0,0,0,0,0,0,0,0,0,0,0,0,0,0,0,0,0,0,0,0,0,0,0,1,0,0,0,0,0,0,0,0,0,0,0,0,0,0,0,0,0,0,0,0,0,0,0,0,0,0,0,0,0,0,0,0,0,0,0,0,0,0,0,0,0,0,0,0,0,0,0,0,0,0,0,0,0,0,0,0,0,0,0,0,0,0,0,0,0,0,0,0,0,0,0,0,0,0,0,0,0,0,0,0,0,0,0,0,0,0,0,0,0,0,0,0,0,0,0,0,0,0,0,0,0,0,0,0,0,0,0,0,0,0,0
Guatemala,"11,006","14,067","8,900",,9.551586908,15.783471,20.83918331,5.055712314,0,0,0,0.00800622,0,0,0,0,0,0,0,0,0,0,0.00237706,0,0,0,0,0,0,0,0,0,0.00228674,0,0,0,0,0,0,0,0,0.00174048,0.00243668,0,0,0.00040936,0,0,0,0,0,0,0,0,0,0,0.00047312,0,0,0,0,0,0,0.00331755,0.00030243,0,0,0.00719846,0,0.72900003,0.00053954,0.00045364,0,0,0,0,0,0,0,0,0,0,0,0,0,0,0,0,0,0,0,0,0,0,0,0,0,0,0.00095517,0,0,0,0,0.00032448,0,0,0,0,0,0,0,0,0,0,0.00051714,0,0,0,0,0,0,0,0.00576139,0,0,0,0,0,0,0,0,0,0,0,0,0,0,0,0,0.01,0,0.0011828,0,0.00075607,0,0.00112057,0,0,0,0,0,0.21965,0,0,0,0,0,0,0,0,0.00017238,0,0.00101874,0,0,0,0,0,0,0,0,0,0,0,0,0,0,0,0,0
Guinea,"3,366","4,429","2,600",,8.395929104,9.945587,12.54727659,2.601689592,0,0,0,0,0,0,0,0,0,0,0,0,0,0,0,0,0,0,0,0,0,0,0,0,0,0,0,0,0,0,0,0,0,0,0,0,0,0,0,0,0,0,0,0,0,0,0,0,0,0,0,0,0,0,0,0,0,0,0,0,0,0,0.606,0,0,0,0,0,0,0,0,0,0,0,0,0,0,0,0,0,0,0,0,0,0,0,0,0,0,0,0,0,0,0,0,0,0,0,0.263,0,0,0,0,0,0,0,0,0,0,0,0,0,0,0,0,0,0,0,0,0,0,0,0,0,0,0,0,0,0,0,0,0,0,0,0,0.131,0,0,0,0,0,0,0,0,0,0,0,0,0,0,0,0,0,0,0,0,0,0,0,0,0,0,0,0,0,0,0,0,0,0,0,0
Guinea-Bissau,"3,239","2,630","1,800",,7.874739125,11.803749,12.74907076,0.945321757,0,0,0,0,0,0,0,0,0,0,0,0,0,0,0,0,0,0,0,0,0,0,0,0,0,0,0,0,0,0,0,0,0,0,0,0,0,0,0,0,0,0,0,0,0,0,0,0,0,0,0,0,0,0,0,0,0.00167,0,0,0,0,0,0,0.96167,0,0,0,0,0,0,0,0,0,0,0,0,0,0,0,0,0,0,0,0,0,0,0,0,0.005,0,0,0,0,0,0,0,0,0,0,0,0,0,0,0,0,0,0,0,0,0,0,0,0,0,0,0,0,0,0,0,0,0,0,0,0,0.03,0,0,0,0,0,0,0,0,0,0.00166,0,0,0,0,0,0,0,0,0,0,0,0,0,0,0,0,0,0,0,0,0,0,0,0,0,0,0,0,0,0,0,0,0,0,0,0
Guyana,"80,137","55,263","21,900",,10.91985889,4.860416,15.34395851,10.48354251,0,0,0,0.10645148,0,0,0,0,0,0,0.027,0,0,0,0.01923285,0,0,0,0,0,0,0,0,0,0.0088218,0,0,0,0,0,0.007,0,0,0.02314162,0.03239827,0,0,0.0018486,0,0,0,0,0,0,0,0,0,0,0.0018252,0,0,0,0,0,0,0.02922563,0.0013026,0,0,0.082641,0,0,0.00408135,0.0019539,0.05,0,0,0,0,0,0.5022,0,0,0,0,0,0,0,0,0,0,0,0,0,0,0,0,0,0,0,0.0043134,0,0,0,0,0.00371904,0,0,0,0,0,0,0,0,0,0,0.00592722,0,0,0,0,0,0,0,0.0366015,0,0,0,0.0108,0,0,0,0,0,0,0.013,0,0,0,0,0,0,0,0.004563,0,0.0032565,0,0.00847665,0,0,0,0,0,0,0,0,0,0,0,0,0,0,0.00197574,0,0.00824265,0,0,0,0,0,0,0,0,0,0,0,0,0,0,0,0,0
Haiti,"3,108","3,256","2,900",,8.088254727,18.971187,8.497639439,-10.47354756,0,0,0,0.14155781,0,0,0,0,0,0,0,0,0,0,0.06091312,0,0,0,0,0,0,0,0,0,0.07337362,0,0,0,0,0,0,0,0,0.03077344,0.04308281,0,0,0.01272375,0,0,0,0,0,0,0,0,0,0,0.01518075,0,0,0,0,0,0.023,0.08137594,0.0094965,0,0,0.147225,0,0,0.01425937,0.01424475,0,0,0,0,0,0,0,0,0,0,0,0,0,0,0,0,0,0,0,0,0,0,0,0,0,0,0.02968875,0,0,0,0,0.0066456,0,0,0,0,0,0,0,0,0,0,0.01059143,0,0,0,0,0,0,0,0.1629225,0,0,0,0,0,0,0,0,0,0,0,0,0,0,0,0,0,0,0.03795188,0,0.02374125,0,0.02961563,0,0,0,0,0,0.002,0,0,0,0,0,0,0,0,0.00353047,0,0.02610563,0,0,0,0,0,0,0,0,0,0,0,0,0,0,0,0,0
Honduras,"7,503","7,211","5,600",,8.883362917,15.199999,26.67257102,11.47257202,0,0,0,0.00545905,0,0,0,0,0,0,0,0,0,0,0.0009863,0,0,0,0,0,0,0,0,0,0.0004524,0,0,0,0,0,0,0,0,0.00118675,0.00166145,0,0,0.0000948,0,0,0,0,0,0,0,0,0,0,0.0000936,0,0,0,0,0,0,0.00149875,0.0000668,0,0,0.004238,0,0,0.0002093,0.0001002,0,0,0.52,0,0,0,0,0,0,0,0,0,0,0,0,0,0,0,0,0,0,0,0,0,0,0,0.0002212,0,0,0,0,0.00019072,0,0,0,0,0,0,0,0,0,0,0.00030396,0,0,0,0,0,0,0,0.001877,0,0,0,0,0,0,0,0,0,0,0,0,0,0,0,0,0,0,0.000234,0,0.000167,0,0.0004347,0,0,0,0,0,0.46,0,0,0,0,0,0,0,0,0.00010132,0,0.0004227,0,0,0,0,0,0,0,0,0,0,0,0,0,0,0,0,0
Hong Kong,"75,128","71,482","60,000",,11.17720095,22.396428,35.09846018,12.70203218,0,0,0,0,0,0,0,0,0,0,0,0,0,0,0,0,0,0,0,0,0,0,0,0,0,0,0,0,0,0,0.971,0,0,0,0,0,0,0,0,0,0,0,0,0,0,0,0,0,0,0,0,0,0,0,0,0,0,0,0,0,0,0,0,0,0,0,0,0,0,0,0,0.008,0,0,0,0,0,0,0,0,0,0,0,0,0,0,0,0,0,0,0,0,0,0,0,0,0,0,0,0,0,0,0,0,0,0,0,0,0,0,0,0,0,0,0,0,0,0,0,0,0,0,0,0.021,0,0,0,0,0,0,0,0,0,0,0,0,0,0,0,0,0,0,0,0,0,0,0,0,0,0,0,0,0,0,0,0,0,0,0,0,0,0,0,0,0,0,0,0,0,0,0,0
Hungary,"45,692","45,942","33,600",,10.73513501,47.162494,47.16129114,-0.001202862,0,0,0,0,0,0,0,0,0,0,0,0,0,0,0,0,0,0.0041,0,0,0.0041,0,0,0,0,0,0,0,0,0,0,0,0,0,0,0,0,0,0.0012,0,0,0.0004,0,0,0,0,0,0,0,0,0,0,0,0,0,0,0,0,0.02,0,0,0,0,0,0,0,0,0,0.9153,0,0,0,0,0,0,0,0,0,0,0,0,0,0,0,0,0,0,0,0,0,0,0,0,0,0.0011,0,0,0,0,0,0,0,0,0,0,0,0,0,0,0,0,0,0,0,0,0,0,0,0,0,0,0,0,0,0,0,0,0,0.0144,0,0,0,0,0,0,0,0.0014,0,0,0.001,0,0,0,0,0,0,0,0,0,0,0,0,0,0,0,0,0,0,0.007,0,0,0.03,0,0,0,0,0,0,0,0,0,0
India,"10,123","10,176","6,600",,9.227787286,20.593684,20.73219114,0.13850714,0,0,0,0,0,0,0,0,0,0,0.01,0,0,0,0,0,0,0,0,0,0,0,0,0,0,0,0,0,0,0,0,0,0,0,0,0,0,0,0,0,0,0,0,0,0,0,0,0,0,0,0,0,0,0,0,0,0,0,0,0,0,0,0,0,0,0,0,0,0,0,0.979,0,0,0,0,0,0,0,0,0,0,0,0,0,0,0,0,0,0,0,0,0,0,0,0,0,0,0,0,0,0,0,0,0,0,0,0,0,0,0,0,0,0,0,0,0,0,0,0.011,0,0,0,0,0,0,0,0,0,0,0,0,0,0,0,0,0,0,0,0,0,0,0,0,0,0,0,0,0,0,0,0,0,0,0,0,0,0,0,0,0,0,0,0,0,0,0,0,0,0,0,0,0
Indonesia,"16,861","15,613","11,900",,9.65585918,0.789275,1.4907227,0.7014477,0,0,0,0,0,0,0,0,0,0,0,0,0,0,0,0,0,0,0,0,0,0,0,0,0,0,0,0,0,0,0.02,0,0,0,0,0,0,0,0,0,0,0,0,0,0,0,0,0,0,0,0,0,0,0,0,0,0,0,0,0,0,0,0,0,0,0,0,0,0,0,0,0.98,0,0,0,0,0,0,0,0,0,0,0,0,0,0,0,0,0,0,0,0,0,0,0,0,0,0,0,0,0,0,0,0,0,0,0,0,0,0,0,0,0,0,0,0,0,0,0,0,0,0,0,0,0,0,0,0,0,0,0,0,0,0,0,0,0,0,0,0,0,0,0,0,0,0,0,0,0,0,0,0,0,0,0,0,0,0,0,0,0,0,0,0,0,0,0,0,0,0,0,0
Iran,"21,219","17,922","12,400",,9.793784287,32.427908,32.4621102,0.0342022,0.02,0,0,0,0,0,0,0,0,0,0,0,0,0,0,0,0,0,0,0,0,0,0,0,0,0,0,0,0,0,0,0,0,0,0,0,0,0,0,0,0,0,0,0,0,0,0,0,0,0,0,0,0,0,0,0,0,0,0,0,0,0,0,0,0,0,0,0,0,0,0,0,0.975,0.005,0,0,0,0,0,0,0,0,0,0,0,0,0,0,0,0,0,0,0,0,0,0,0,0,0,0,0,0,0,0,0,0,0,0,0,0,0,0,0,0,0,0,0,0,0,0,0,0,0,0,0,0,0,0,0,0,0,0,0,0,0,0,0,0,0,0,0,0,0,0,0,0,0,0,0,0,0,0,0,0,0,0,0,0,0,0,0,0,0,0,0,0,0,0,0,0,0,0
Ireland,"133,822","127,623","102,500",,11.75683588,53.41291,53.39163944,-0.021270556,0,0,0,0,0,0,0,0,0,0,0,0,0,0,0,0,0,0.00069023,0,0,0.00069052,0,0,0,0,0,0,0,0,0,0,0,0,0,0,0,0,0,0.00019373,0,0,0.00007102,0,0,0,0,0,0,0,0,0,0,0,0,0,0,0,0,0,0,0,0,0,0,0,0,0,0,0.00089016,0,0,0,0,0,0.981,0,0,0,0,0,0,0,0,0,0,0,0,0,0,0,0,0,0,0,0.00018189,0,0,0,0,0,0,0,0,0,0,0,0,0,0,0,0,0,0,0,0,0,0,0,0,0,0,0,0,0,0,0,0,0,0.00074047,0,0,0,0,0,0,0,0.00023874,0,0,0.00015325,0,0,0,0,0,0,0,0,0,0,0,0,0,0,0,0,0,0,0.00115,0,0,0,0,0.014,0,0,0,0,0,0,0,0
Israel,"55,533","53,434","42,100",,10.88620253,31.046051,35.26597309,4.219922092,0,0,0.0071334,0,0,0,0,0,0,0,0,0,0,0,0,0,0,0,0,0,0,0,0,0,0,0,0,0,0,0,0,0,0,0,0,0,0,0,0,0,0,0,0,0,0,0,0.008397,0,0,0,0,0.0098226,0,0,0.0284796,0,0,0,0.0854604,0,0,0,0,0,0,0,0,0,0,0,0.0072252,0,0.022842,0.0286794,0,0.46,0.0455706,0,0,0,0,0,0,0,0,0,0,0,0,0,0,0.0099576,0.0042714,0,0,0,0,0,0,0,0,0,0,0,0,0.0569322,0,0,0,0,0,0,0,0,0,0,0,0,0,0,0,0,0,0,0.0085428,0.0203796,0,0,0.0185112,0.0071226,0,0,0,0,0,0,0,0,0,0,0,0,0,0.0815238,0,0,0,0,0,0,0,0,0,0,0,0,0,0.0071334,0.0485784,0,0,0.0071226,0,0,0,0,0,0,0,0.0263142,0,0
Italy,"56,905","58,755","41,900",,10.98113153,41.87194,42.03216837,0.16022837,0,0.01,0,0,0,0,0,0.025,0,0,0,0,0,0,0,0,0,0,0,0,0,0,0,0,0,0,0,0,0,0,0,0,0,0,0,0,0,0,0,0,0,0,0,0,0,0,0,0,0,0,0,0,0,0,0,0,0,0,0.005,0,0,0,0,0,0,0,0,0,0,0,0,0,0,0,0,0,0.958,0,0,0,0,0,0,0,0,0,0,0,0,0,0,0,0,0,0,0,0,0,0,0,0,0,0,0,0,0.002,0,0,0,0,0,0,0,0,0,0,0,0,0,0,0,0,0,0,0,0,0,0,0,0,0,0,0,0,0,0,0,0,0,0,0,0,0,0,0,0,0,0,0,0,0,0,0,0,0,0,0,0,0,0,0,0,0,0,0,0,0,0,0,0,0,0
Ivory Coast,"6,860","7,791","5,300",,8.9607245,7.539989,7.895344615,0.355355615,0,0,0,0,0,0,0,0,0,0,0,0,0,0,0,0,0,0,0,0,0,0,0,0,0,0,0,0,0,0,0,0,0,0,0,0,0,0.572,0,0,0,0,0,0,0,0,0,0,0,0,0,0,0,0,0,0,0,0,0,0.421,0,0,0,0,0,0,0,0,0,0,0,0,0,0,0,0,0,0,0,0,0,0,0,0,0,0,0,0,0.007,0,0,0,0,0,0,0,0,0,0,0,0,0,0,0,0,0,0,0,0,0,0,0,0,0,0,0,0,0,0,0,0,0,0,0,0,0,0,0,0,0,0,0,0,0,0,0,0,0,0,0,0,0,0,0,0,0,0,0,0,0,0,0,0,0,0,0,0,0,0,0,0,0,0,0,0,0,0,0,0,0,0,0
Jamaica,"13,543","11,475","9,600",,9.347926035,18.109581,11.62183773,-6.487743266,0,0,0,0.12921688,0,0,0,0,0,0,0.00125,0,0,0,0.05560275,0,0,0,0,0,0,0,0,0,0.06697695,0,0,0,0,0,0.005,0,0,0.02809063,0.03932687,0,0,0.0116145,0,0,0,0,0,0,0,0,0,0,0.0138573,0,0,0,0,0,0,0.07428163,0.0086686,0,0,0.13439,0,0,0.01301625,0.0130029,0,0,0,0,0,0,0.02325,0,0,0,0,0,0,0,0,0,0,0,0,0,0,0,0,0,0,0,0.0271005,0,0,0,0,0.00606624,0,0,0,0,0,0,0,0,0,0,0.00966807,0,0,0,0,0,0,0,0.148719,0,0,0,0.0005,0,0,0,0,0,0,0,0,0,0,0,0,0,0,0.03464325,0,0.0216715,0,0.02703375,0,0,0,0,0,0.015,0,0,0,0,0,0,0,0,0.00322269,0,0.02382975,0,0,0,0,0,0,0,0,0.065,0,0,0,0,0,0,0,0
Japan,"54,184","50,207","40,800",,10.82390974,36.204824,36.20482,-4E-06,0,0,0,0,0,0,0,0,0,0,0,0,0,0,0,0,0,0,0,0,0,0,0,0,0,0,0,0,0,0,0,0,0,0,0,0,0,0,0,0,0,0,0,0,0,0,0,0,0,0,0,0,0,0,0,0,0,0,0,0,0,0,0,0,0,0,0,0,0,0,0,0,0,0,0,0,0,0,1,0,0,0,0,0,0,0,0,0,0,0,0,0,0,0,0,0,0,0,0,0,0,0,0,0,0,0,0,0,0,0,0,0,0,0,0,0,0,0,0,0,0,0,0,0,0,0,0,0,0,0,0,0,0,0,0,0,0,0,0,0,0,0,0,0,0,0,0,0,0,0,0,0,0,0,0,0,0,0,0,0,0,0,0,0,0,0,0,0,0,0,0,0
Jordan,"12,402","10,452","9,200",,9.254548627,30.585164,31.5638535,0.9786895,0,0,0,0,0,0.01,0,0,0,0,0,0,0,0,0,0,0,0,0,0,0,0,0,0,0,0,0,0,0,0,0,0,0,0,0,0,0,0,0,0,0,0,0,0,0,0,0,0,0,0,0,0,0,0,0,0,0,0,0,0,0,0,0,0,0,0,0,0,0,0,0,0,0,0.04,0,0.56,0,0,0,0.33,0,0,0,0,0,0,0,0,0,0,0,0,0,0,0,0,0,0,0,0,0,0,0,0,0,0,0,0,0,0,0,0,0,0,0,0,0,0,0,0,0,0,0,0,0,0,0,0,0,0.01,0,0,0,0,0,0,0,0,0,0,0,0,0,0,0,0,0,0,0,0.05,0,0,0,0,0,0,0,0,0,0,0,0,0,0,0,0,0,0,0,0,0,0
Kazakhstan,"34,534","39,333","26,100",,10.57981914,48.019573,52.32065619,4.30108319,0,0,0,0,0,0,0,0,0.005,0,0,0.007,0,0,0,0,0,0,0,0,0,0,0,0,0,0,0,0,0,0,0.014,0,0,0,0,0,0,0,0,0,0,0,0,0,0,0,0,0,0,0,0,0,0,0,0,0,0,0,0.025,0,0,0,0,0,0,0,0,0,0,0,0,0,0,0,0,0,0,0,0,0,0.555,0,0,0.007,0,0,0,0,0,0,0,0,0,0,0,0,0,0,0,0,0,0,0,0,0,0,0,0,0,0,0,0,0,0,0,0,0,0,0,0,0,0,0,0,0,0,0,0,0,0.33,0,0,0,0,0,0,0,0,0,0,0,0,0,0,0,0,0,0,0,0,0,0,0,0,0,0,0,0,0,0,0,0.057,0,0,0,0,0,0,0,0,0,0
Kenya,"6,976","6,324","4,700",,8.752107198,0.023559,2.623812259,2.600253259,0,0,0,0,0,0,0,0,0,0,0,0,0,0,0,0,0,0,0,0,0,0,0,0,0,0,0,0,0,0,0,0,0,0,0,0,0,0,0,0,0,0,0,0,0,0,0,0,0,0,0,0,0,0,0,0,0,0,0,0,0,0,0,0,0,0,0,0,0,0,0,0,0,0,0,0,0,0,0,0,0,0.598,0,0,0,0,0,0,0,0,0,0,0,0,0,0,0,0,0,0,0,0,0,0,0,0,0,0,0,0,0,0,0,0,0,0,0,0,0,0,0,0,0,0,0,0,0,0,0,0,0,0,0,0,0,0,0,0,0,0,0,0,0,0,0,0.133,0,0,0,0,0,0,0.106,0,0,0,0,0,0,0,0.163,0,0,0,0,0,0,0,0,0,0,0
Kyrgyzstan,"6,790","7,103","4,800",,8.868272509,41.20438,43.8601722,2.6557922,0,0,0,0,0,0,0,0,0,0,0,0,0,0,0,0,0,0,0,0,0,0,0,0,0,0,0,0,0,0,0.02,0,0,0,0,0,0,0,0,0,0,0,0,0,0,0,0,0,0,0,0,0,0,0,0,0,0,0,0,0,0,0,0,0,0,0,0,0,0,0,0,0,0,0,0,0,0,0,0,0,0,0,0,0,0,0.82,0,0,0,0,0,0,0,0,0,0,0,0,0,0,0,0,0,0,0,0,0,0,0,0,0,0,0,0,0,0,0,0,0,0,0,0,0,0,0,0,0,0,0,0.13,0,0,0,0,0,0,0,0,0,0,0,0,0,0,0,0,0,0,0,0,0,0,0,0,0,0,0,0,0.01,0,0,0.02,0,0,0,0,0,0,0,0,0,0
Laos,"10,242","9,326","7,800",,9.140561477,19.85627,21.2387756,1.3825056,0,0,0,0,0,0,0,0,0,0,0,0,0,0,0,0,0,0,0,0,0,0,0,0,0,0,0,0,0,0,0.09,0,0,0,0,0,0,0,0,0,0,0,0,0,0,0,0,0,0,0,0,0,0,0,0,0,0,0,0,0,0,0,0,0,0,0,0,0,0,0,0,0,0,0,0,0,0,0,0,0,0,0,0,0,0,0,0.9,0,0,0,0,0,0,0,0,0,0,0,0,0,0,0,0,0,0,0,0,0,0,0,0,0,0,0,0,0,0,0,0,0,0,0,0,0,0,0,0,0,0,0,0,0,0,0,0,0,0,0,0,0,0,0,0,0,0,0,0,0,0,0,0,0,0,0,0,0,0,0,0,0,0,0,0,0,0,0,0,0,0.01,0,0,0
Latvia,"41,730","42,501","32,100",,10.65728288,56.879635,57.76020412,0.88056912,0,0,0,0,0,0,0,0,0,0,0,0.04,0,0,0,0,0,0,0,0,0,0,0,0,0,0,0,0,0,0,0,0,0,0,0,0,0,0,0,0,0,0,0,0,0,0,0,0,0,0,0,0,0,0,0,0,0,0,0,0,0,0,0,0,0,0,0,0,0,0,0,0,0,0,0,0,0,0,0,0,0,0,0,0,0,0,0,0.593,0,0,0,0,0.014,0,0,0,0,0,0,0,0,0,0,0,0,0,0,0,0,0,0,0,0,0,0,0,0,0,0,0,0,0,0,0,0.025,0,0,0,0,0.3,0,0,0,0,0,0,0,0,0,0,0,0,0,0,0,0,0,0,0,0,0,0,0,0,0,0,0,0,0,0,0,0.028,0,0,0,0,0,0,0,0,0,0
Lebanon,"11,784","12,853","13,000",,9.461332526,33.854721,34.05971825,0.20499725,0,0,0,0,0,0.064,0,0,0,0,0,0,0,0,0,0,0,0,0,0,0,0,0,0,0,0,0,0,0,0,0,0,0,0,0,0,0,0,0,0,0,0,0,0,0,0,0,0,0,0,0,0,0,0,0.005,0,0,0,0,0,0,0,0,0,0,0,0,0,0,0,0,0,0,0,0,0.121,0,0,0,0,0,0,0,0,0,0,0,0,0.72,0,0,0,0,0,0,0,0,0,0,0,0,0,0,0,0,0,0,0,0,0,0,0,0,0,0,0,0,0,0,0,0,0,0,0,0,0,0,0,0,0,0,0,0,0,0,0,0,0,0,0,0,0,0,0,0,0,0,0,0,0.09,0,0,0,0,0,0,0,0,0,0,0,0,0,0,0,0,0,0,0,0,0,0
Liberia,"1,882","1,819","1,400",,7.506042179,6.428055,6.502132814,0.074077814,0,0,0,0.00747069,0,0,0,0,0,0,0,0,0,0,0.00182175,0,0,0,0,0,0,0,0,0,0.00323133,0,0,0,0,0,0,0,0,0.00162406,0.00227369,0,0,0.000852,0,0,0,0,0,0,0,0,0,0,0.00066855,0,0,0,0,0,0,0.00385256,0.0013095,0,0,0.0067775,0,0,0.00118706,0.00196425,0,0,0,0,0,0,0,0,0,0,0,0,0,0,0,0,0,0,0,0,0,0,0,0,0,0,0.951988,0,0,0,0,0.0002696,0,0,0,0,0,0,0,0,0,0,0.00042968,0,0,0,0,0,0,0,0.00594525,0,0,0,0,0,0,0,0,0,0,0,0,0,0,0,0,0,0,0.00167137,0,0.00327375,0,0.00246544,0,0,0,0,0,0,0,0,0,0,0,0,0,0,0.00014323,0,0.00078075,0,0,0,0,0,0,0,0,0,0,0,0,0,0,0,0,0
Lithuania,"50,600","51,877","39,300",,10.85663081,55.169438,55.30346535,0.13402735,0,0,0,0,0,0,0,0,0,0,0,0.015,0,0,0,0,0,0,0,0,0,0,0,0,0,0,0,0,0,0,0,0,0,0,0,0,0,0,0,0,0,0,0,0,0,0,0,0,0,0,0,0,0,0,0,0,0,0,0,0,0,0,0,0,0,0,0,0,0,0,0,0,0,0,0,0,0,0,0,0,0,0,0,0,0,0,0,0,0,0,0,0,0.837,0,0,0,0,0,0,0,0,0,0,0,0,0,0,0,0,0,0,0,0,0,0,0,0,0,0,0,0,0,0,0,0.068,0,0,0,0,0.07,0,0,0,0,0,0,0,0,0,0,0,0,0,0,0,0,0,0,0,0,0,0,0,0,0,0,0,0,0,0,0,0.01,0,0,0,0,0,0,0,0,0,0
Madagascar,"1,979","1,875","1,500",,7.536363938,18.766947,18.93171414,0.16476714,0,0,0,0,0,0,0,0,0,0,0,0,0,0,0,0,0,0,0,0,0,0,0,0,0,0,0,0,0,0,0,0,0,0,0,0,0,0,0,0,0,0,0,0,0,0,0,0,0,0,0,0,0,0,0.006,0,0,0,0,0,0,0,0,0,0,0,0,0,0,0,0,0,0,0,0,0,0,0,0,0,0,0,0,0,0,0,0,0,0,0,0,0,0,0,0,0.994,0,0,0,0,0,0,0,0,0,0,0,0,0,0,0,0,0,0,0,0,0,0,0,0,0,0,0,0,0,0,0,0,0,0,0,0,0,0,0,0,0,0,0,0,0,0,0,0,0,0,0,0,0,0,0,0,0,0,0,0,0,0,0,0,0,0,0,0,0,0,0,0,0,0,0,0
Malawi,"1,712","1,868","1,500",,7.532623619,13.254308,14.33551548,1.081207483,0,0,0,0,0,0,0,0,0,0,0,0,0,0,0,0,0,0,0,0,0,0,0,0,0,0,0,0,0,0,0,0,0,0,0.013,0,0,0,0,0,0,0,0,0,0,0,0,0,0,0,0,0,0,0,0,0,0,0,0,0,0,0,0,0,0,0,0,0,0,0,0,0,0,0,0,0,0,0,0,0,0,0,0,0,0,0,0,0,0,0,0,0,0,0,0,0,0.915,0,0,0,0,0,0,0,0,0,0,0,0,0,0,0,0,0,0,0,0,0,0,0,0,0,0,0,0,0,0,0,0,0,0,0,0,0,0,0,0,0,0,0,0,0,0.072,0,0,0,0,0,0,0,0,0,0,0,0,0,0,0,0,0,0,0,0,0,0,0,0,0,0,0,0,0
Malaysia,"39,030","37,248","26,300",,10.52535353,4.210484,13.748412,9.537928,0,0,0,0,0,0,0,0,0,0,0,0,0,0,0,0,0,0,0,0,0,0,0,0,0,0,0,0,0,0,0.26,0,0,0,0,0,0,0,0,0,0,0,0,0,0,0,0,0,0,0,0,0,0,0,0,0,0,0,0,0,0,0,0,0,0,0,0,0,0,0,0.075,0.04,0,0,0,0,0,0,0,0,0,0,0,0,0,0,0,0,0,0,0,0,0,0,0,0,0,0.6,0,0,0,0,0,0,0,0,0,0,0,0,0,0,0,0,0,0,0,0,0,0,0,0,0,0.025,0,0,0,0,0,0,0,0,0,0,0,0,0,0,0,0,0,0,0,0,0,0,0,0,0,0,0,0,0,0,0,0,0,0,0,0,0,0,0,0,0,0,0,0,0,0,0,0
Mali,"2,714","2,726","2,100",,7.910590612,17.570692,17.76742309,0.19673109,0,0,0,0,0,0,0,0,0,0,0,0,0,0,0,0,0,0,0,0,0,0,0,0,0,0,0,0,0,0,0,0,0,0,0,0,0,0,0,0,0,0,0,0,0,0,0,0,0,0,0,0,0,0,0,0,0,0,0,0,0,0,0,0,0,0,0,0,0,0,0,0,0,0,0,0,0,0,0,0,0,0,0,0,0,0,0,0,0,0,0,0,0,0,0,0,0,0,0.971,0,0.02,0,0,0,0,0.009,0,0,0,0,0,0,0,0,0,0,0,0,0,0,0,0,0,0,0,0,0,0,0,0,0,0,0,0,0,0,0,0,0,0,0,0,0,0,0,0,0,0,0,0,0,0,0,0,0,0,0,0,0,0,0,0,0,0,0,0,0,0,0,0,0,0
Mauritania,"7,680","6,934","5,300",,8.844192126,21.00789,21.00789,0,0,0,0,0,0,0,0,0,0,0,0,0,0,0,0,0,0,0,0,0,0,0,0,0,0,0,0,0,0,0,0,0,0,0,0,0,0,0,0,0,0,0,0,0,0,0,0,0,0,0,0,0,0,0,0,0,0,0,0,0,0,0,0,0,0,0,0,0,0,0,0,0,0,0,0,0,0,0,0,0,0,0,0,0,0,0,0,0,0,0,0,0,0,0,0,0,0,0,0,0,1,0,0,0,0,0,0,0,0,0,0,0,0,0,0,0,0,0,0,0,0,0,0,0,0,0,0,0,0,0,0,0,0,0,0,0,0,0,0,0,0,0,0,0,0,0,0,0,0,0,0,0,0,0,0,0,0,0,0,0,0,0,0,0,0,0,0,0,0,0,0,0
Mauritius,"32,094","29,499","21,000",,10.29211164,20.348404,24.34531737,3.996913368,0,0,0,0.03559524,0,0,0,0,0,0,0,0,0,0,0,0,0,0,0,0,0,0,0,0,0,0,0,0,0,0,0.03,0,0,0.0077381,0,0,0,0,0,0,0,0,0,0,0,0,0,0,0,0,0,0,0,0,0.16,0,0,0,0,0,0,0,0,0,0,0,0,0,0,0,0.68,0,0,0,0,0,0,0,0,0,0,0,0,0,0,0,0,0,0,0,0,0,0,0,0,0.02773333,0,0,0,0,0,0,0,0,0,0,0.0442,0,0,0,0,0,0,0,0,0,0,0,0,0,0,0,0,0,0,0,0,0,0,0,0,0,0,0,0,0,0,0,0,0,0,0,0,0,0,0,0,0,0,0,0,0,0.01473333,0,0,0,0,0,0,0,0,0,0,0,0,0,0,0,0,0,0,0
Mexico,"25,963","25,602","19,100",,10.15042575,23.634501,27.69804841,4.063547411,0,0,0,0.01400769,0,0,0,0,0,0,0,0,0,0,0.00374496,0,0,0,0,0,0,0,0,0,0.00327881,0,0,0,0,0,0,0,0,0.00304515,0.00426321,0,0,0.00059597,0,0,0,0,0,0,0,0,0,0,0.00067838,0,0,0,0,0,0,0.0053064,0.00043818,0,0,0.01215715,0,0,0.00084052,0.00065727,0,0,0,0,0,0,0,0,0,0,0,0,0,0,0,0,0,0,0,0,0,0,0,0,0.004,0,0.00139058,0,0,0,0,0.00054779,0,0,0,0,0,0,0.625,0,0,0,0.00087304,0,0,0,0,0,0,0,0.00874182,0,0,0,0,0,0,0,0,0,0,0,0,0,0,0,0,0,0,0.00169594,0,0.00109545,0,0.00174569,0,0,0,0,0,0.30000001,0,0,0,0,0,0.004,0,0,0.00029101,0,0.00160498,0,0,0,0,0,0,0,0,0,0,0,0,0,0,0,0,0
Moldova,"17,902","17,384","14,000",,9.763305522,47.411631,47.93786365,0.526232649,0,0,0,0,0,0,0,0,0,0,0,0.005,0,0,0,0,0,0.0041,0,0,0.0691,0,0,0,0,0,0,0,0,0,0,0,0,0,0,0,0,0,0.0012,0,0,0.0004,0,0,0,0,0,0,0,0,0,0,0,0,0.0015,0,0,0,0.0044,0,0,0,0,0,0,0,0,0,0.0054,0,0,0,0,0,0,0,0.0023,0,0,0,0,0,0,0,0,0,0,0,0,0,0,0,0.0002,0,0.0011,0,0,0,0,0,0,0,0,0.7392,0,0,0,0,0,0,0,0,0,0,0,0,0,0,0,0,0,0,0,0,0.0005,0.0005,0,0,0.0054,0.0608,0,0,0,0,0,0,0.0014,0,0,0.0009,0,0,0,0.0018,0,0,0,0,0,0,0,0,0,0,0,0,0,0,0.009,0,0,0.0858,0,0,0,0,0,0,0,0,0,0
Mongolia,"16,504","18,108","11,700",,9.804109109,46.862496,42.78347848,-4.07901752,0,0,0,0,0,0,0,0,0,0,0,0,0,0,0,0,0,0,0,0,0,0,0,0,0,0,0,0,0,0,0.015,0,0,0,0,0,0,0,0,0,0,0,0,0,0,0,0,0,0,0,0,0,0,0,0,0,0,0,0,0,0,0,0,0,0,0,0,0,0,0,0,0,0,0,0,0,0,0,0,0,0,0,0,0,0,0,0,0,0,0,0,0,0,0,0,0,0,0,0,0,0,0,0,0,0.967,0,0,0,0,0,0,0,0,0,0,0,0,0,0,0,0,0,0,0,0,0,0,0,0,0.01,0,0,0,0,0,0,0,0,0,0,0,0,0,0,0,0,0,0,0,0,0,0,0,0,0,0,0,0,0,0,0,0,0,0,0,0,0.008,0,0,0,0,0
Morocco,"10,947","9,743","8,100",,9.184304357,31.791702,32.3376403,0.5459383,0,0,0.007,0,0,0,0,0,0,0,0,0,0,0,0,0,0,0,0,0,0,0,0,0,0,0,0,0,0,0,0,0,0,0,0,0,0,0,0,0,0,0,0,0,0,0,0,0,0,0,0,0,0,0,0,0,0,0,0,0,0,0,0,0,0,0,0,0,0,0,0,0,0,0,0,0,0,0,0,0,0,0,0,0,0,0,0,0,0,0,0,0,0,0,0,0,0,0,0.002,0,0.006,0,0,0,0,0.903,0,0,0,0,0,0,0,0.002,0,0,0,0,0,0,0,0,0,0,0,0,0,0,0,0,0,0,0,0,0,0,0,0,0,0,0,0,0,0.08,0,0,0,0,0,0,0,0,0,0,0,0,0,0,0,0,0,0,0,0,0,0,0,0,0,0,0,0
Mozambique,"1,649","1,657","1,200",,7.412764017,18.665695,18.6657,5E-06,0,0,0,0,0,0,0,0,0,0,0,0,0,0,0,0,0,0,0,0,0,0,0,0,0,0,0,0,0,0,0,0,0,0,0,0,0,0,0,0,0,0,0,0,0,0,0,0,0,0,0,0,0,0,0,0,0,0,0,0,0,0,0,0,0,0,0,0,0,0,0,0,0,0,0,0,0,0,0,0,0,0,0,0,0,0,0,0,0,0,0,0,0,0,0,0,0,0,0,0,0,0,0,0,0,0,1,0,0,0,0,0,0,0,0,0,0,0,0,0,0,0,0,0,0,0,0,0,0,0,0,0,0,0,0,0,0,0,0,0,0,0,0,0,0,0,0,0,0,0,0,0,0,0,0,0,0,0,0,0,0,0,0,0,0,0,0,0,0,0,0,0
Myanmar,"5,203","5,905","4,400",,8.683554729,21.913965,22.33839585,0.42443085,0,0,0,0,0,0,0,0,0,0,0,0,0,0,0,0,0,0,0,0,0,0,0,0,0,0,0,0,0,0,0.03,0,0,0,0,0,0,0,0,0,0,0,0,0,0,0,0,0,0,0,0,0,0,0,0,0,0,0,0,0,0,0,0,0,0,0,0,0,0,0,0.02,0,0,0,0,0,0,0,0,0,0,0,0,0,0,0,0,0,0,0,0,0,0,0,0,0,0,0,0,0,0,0,0,0,0,0,0,0.945,0,0.005,0,0,0,0,0,0,0,0,0,0,0,0,0,0,0,0,0,0,0,0,0,0,0,0,0,0,0,0,0,0,0,0,0,0,0,0,0,0,0,0,0,0,0,0,0,0,0,0,0,0,0,0,0,0,0,0,0,0,0,0,0,0
Namibia,"12,008","12,757","9,100",,9.45383542,22.95764,20.83932134,-2.118318656,0,0,0,0.119,0,0,0,0,0,0,0,0,0,0,0,0,0,0,0,0,0,0,0,0,0,0,0,0,0,0,0,0,0,0,0.062,0,0,0,0,0,0,0,0,0,0,0,0,0,0,0,0,0,0,0,0.0305,0,0,0,0.0353,0,0,0,0,0,0,0,0,0,0,0,0,0,0,0,0,0,0,0,0,0,0,0,0,0,0,0,0,0,0,0,0,0,0,0,0,0,0,0,0,0,0,0,0,0,0,0,0,0,0.4195,0,0.0305,0,0,0,0,0,0,0,0,0,0,0,0,0,0,0,0,0,0,0,0,0,0,0,0,0,0,0,0,0,0,0,0.032,0,0,0,0,0,0,0,0,0,0,0,0,0,0,0,0,0,0,0,0,0.0122,0,0,0,0,0,0,0.259,0
Nepal,"5,032","5,182","3,800",,8.552946361,28.394857,28.39416,-0.000697,0,0,0,0,0,0,0,0,0,0,0,0,0,0,0,0,0,0,0,0,0,0,0,0,0,0,0,0,0,0,0,0,0,0,0,0,0,0,0,0,0,0,0,0,0,0,0,0,0,0,0,0,0,0,0,0,0,0,0,0,0,0,0,0,0,0,0,0,0,0,0,0,0,0,0,0,0,0,0,0,0,0,0,0,0,0,0,0,0,0,0,0,0,0,0,0,0,0,0,0,0,0,0,0,0,0,0,0,0,1,0,0,0,0,0,0,0,0,0,0,0,0,0,0,0,0,0,0,0,0,0,0,0,0,0,0,0,0,0,0,0,0,0,0,0,0,0,0,0,0,0,0,0,0,0,0,0,0,0,0,0,0,0,0,0,0,0,0,0,0,0,0
Netherlands,"74,158","78,215","56,600",,11.26721672,52.132633,50.99568198,-1.13695102,0,0,0,0.00108891,0,0,0,0,0,0,0,0,0,0,0.00046856,0,0,0,0,0,0,0,0,0,0.00056441,0,0,0,0,0,0.005,0,0,0.00023672,0.00033141,0,0,0.00009787,0,0,0,0,0,0,0,0,0,0,0.00011678,0,0,0,0,0,0,0.00062597,0.00007305,0,0,0.0011325,0,0,0.00010969,0.00010957,0,0,0,0,0,0,0.0065,0.0045,0,0,0,0,0,0,0,0,0,0,0,0,0,0,0,0,0,0,0.00022838,0,0,0,0,0.00005112,0,0,0,0,0,0,0,0,0,0.005,0.00008147,0,0,0,0.9595,0,0,0,0.00125325,0,0,0,0,0,0,0,0,0,0,0,0,0,0,0,0,0,0,0.00029194,0,0.00018263,0,0.00022781,0,0,0,0,0,0,0,0,0,0,0,0,0,0,0.00002716,0,0.00020081,0,0,0.005,0.007,0,0,0,0,0,0,0,0,0,0,0,0,0
New Zealand,"53,797","54,110","42,900",,10.89877429,40.900557,50.45002262,9.549465615,0,0,0,0,0,0,0,0,0,0,0,0,0,0,0,0,0,0,0,0,0,0,0,0,0,0,0,0,0,0,0.022,0,0,0,0,0.015,0,0,0,0,0,0,0,0,0,0,0,0,0,0,0,0,0,0,0,0,0,0,0,0,0,0,0,0,0,0,0,0,0,0,0.008,0,0,0,0.118,0,0,0,0,0,0,0,0,0.005,0,0,0,0,0,0,0,0,0,0,0,0,0,0,0,0,0,0,0,0,0,0,0,0,0,0,0.013,0.093,0,0,0,0.005,0,0,0.001,0,0,0,0,0,0,0,0,0,0,0,0,0,0.033,0,0,0,0,0,0,0,0,0,0,0,0,0,0,0,0,0,0,0,0,0,0,0.012,0,0,0,0,0,0,0,0.675,0,0,0,0,0,0,0,0
Nicaragua,"8,137","8,044","5,600",,8.992681751,12.865416,26.76970543,13.90428943,0,0,0,0.0188163,0,0,0,0,0,0,0,0,0,0,0.0050305,0,0,0,0,0,0,0,0,0,0.0044044,0,0,0,0,0,0,0,0,0.0040905,0.0057267,0,0,0.0008005,0,0,0,0,0,0,0,0,0,0,0.0009112,0,0,0,0,0,0,0.007128,0.0005886,0,0,0.0163305,0,0,0.0011291,0.0008829,0,0,0,0,0,0,0,0,0,0,0,0,0,0,0,0,0,0,0,0,0,0,0,0,0,0,0.0018679,0,0,0,0,0.0007358,0,0,0,0,0,0,0,0,0,0,0.0011727,0,0,0,0,0,0.40000001,0,0.0117428,0,0,0,0,0,0,0,0,0,0,0,0,0,0,0,0,0,0,0.0022781,0,0.0014715,0,0.002345,0,0,0,0,0,0.49000001,0,0,0,0,0,0,0,0,0.0003909,0,0.002156,0,0,0,0,0,0,0,0,0.02,0,0,0,0,0,0,0,0
Niger,"1,675","1,817","1,200",,7.504942068,17.607789,17.76180147,0.15401247,0,0,0.013,0,0,0,0,0,0,0,0,0,0,0,0,0,0,0,0,0,0,0,0,0,0,0,0,0,0,0,0,0,0,0,0,0,0,0,0,0,0,0,0,0,0,0,0,0,0,0,0,0,0,0,0,0,0,0,0,0,0,0,0,0,0,0,0,0,0,0,0,0,0,0,0,0,0,0,0,0,0,0,0,0,0,0,0,0,0,0,0,0,0,0,0,0,0,0,0.365,0,0.01,0,0,0,0,0.006,0,0,0,0,0,0,0,0.578,0,0,0,0,0,0,0,0,0,0,0,0,0,0,0,0,0,0,0,0,0,0.028,0,0,0,0,0,0,0,0,0,0,0,0,0,0,0,0,0,0,0,0,0,0,0,0,0,0,0,0,0,0,0,0,0,0,0,0
Nigeria,"6,340","6,318","4,900",,8.751157981,9.081999,9.950263445,0.868264445,0,0,0,0,0,0,0,0,0,0,0,0,0,0,0,0,0,0,0,0,0,0,0,0,0,0,0,0,0,0,0,0,0,0,0,0,0,0,0,0,0,0,0,0,0,0,0,0,0,0,0,0,0,0,0,0,0,0,0,0,0,0,0,0,0,0,0,0,0,0,0,0,0,0,0,0,0,0,0,0,0,0,0,0,0,0,0,0,0,0,0,0,0,0,0,0,0,0,0.077,0,0,0,0,0,0,0,0,0,0,0,0,0,0,0,0.885,0,0,0,0,0,0,0,0,0,0,0,0,0,0,0,0,0,0,0,0,0.038,0,0,0,0,0,0,0,0,0,0,0,0,0,0,0,0,0,0,0,0,0,0,0,0,0,0,0,0,0,0,0,0,0,0,0,0
North Macedonia,"22,249","24,873","16,500",,10.12153816,41.608635,41.71000159,0.101366588,0,0,0,0,0,0,0,0,0,0,0,0,0,0,0,0,0,0.0141,0,0,0.0091,0,0,0,0,0,0,0,0,0,0,0,0,0,0,0,0,0,0.0112,0,0,0.0004,0,0,0,0,0,0,0,0,0,0,0,0,0,0,0,0,0,0,0,0,0,0,0,0,0,0,0.0053,0,0,0,0,0,0,0,0,0,0,0,0,0,0,0,0,0,0,0,0,0,0,0,0,0,0.8913,0,0,0,0,0,0,0,0,0,0,0,0,0,0,0,0,0,0,0,0,0,0,0,0,0,0,0,0,0,0,0,0,0,0.0094,0,0,0,0,0,0,0,0.0214,0,0,0.0009,0,0,0,0,0,0,0,0,0,0,0,0,0,0,0,0,0,0,0.0369,0,0,0,0,0,0,0,0,0,0,0,0,0
Norway,"82,832","104,460","65,700",,11.5565595,60.472024,60.47202,-4E-06,0,0,0,0,0,0,0,0,0,0,0,0,0,0,0,0,0,0,0,0,0,0,0,0,0,0,0,0,0,0,0,0,0,0,0,0,0,0,0,0,0,0,0,0,0,0,0,0,0,0,0,0,0,0,0,0,0,0,0,0,0,0,0,0,0,0,0,0,0,0,0,0,0,0,0,0,0,0,0,0,0,0,0,0,0,0,0,0,0,0,0,0,0,0,0,0,0,0,0,0,0,0,0,0,0,0,0,0,0,0,0,0,0,0,0,0,1,0,0,0,0,0,0,0,0,0,0,0,0,0,0,0,0,0,0,0,0,0,0,0,0,0,0,0,0,0,0,0,0,0,0,0,0,0,0,0,0,0,0,0,0,0,0,0,0,0,0,0,0,0,0,0
Oman,"39,859","44,421","34,300",,10.70146761,21.512583,22.61609633,1.103513333,0,0,0,0,0,0,0,0,0,0,0,0,0,0,0,0,0,0,0,0,0,0,0,0,0,0,0,0,0,0,0,0,0,0,0,0,0,0,0,0,0,0,0,0,0,0,0.0085,0,0,0,0,0,0,0,0,0,0,0,0,0,0,0,0,0,0,0,0,0,0,0,0.08725,0,0.075,0,0,0,0,0,0,0,0,0,0,0,0,0,0,0,0,0,0,0,0,0,0,0,0,0.0085,0,0,0,0,0,0,0,0,0,0,0,0,0,0,0,0,0,0,0,0.7259,0.075,0,0,0,0,0.00235,0,0,0,0,0,0,0,0,0,0,0.005,0,0,0,0,0,0,0,0,0,0,0,0,0,0,0,0,0,0.0125,0,0,0,0,0,0,0,0,0,0,0,0,0,0,0,0,0,0,0
Pakistan,"6,955","6,212","5,200",,8.734238184,30.375321,29.6284266,-0.7468944,0.01,0,0,0,0,0,0,0,0,0,0,0,0,0,0,0,0,0,0,0,0,0,0,0,0,0,0,0,0,0,0,0,0,0,0,0,0,0,0,0,0,0,0,0,0,0,0,0,0,0,0,0,0,0,0,0,0,0,0,0,0,0,0,0,0,0,0,0,0,0,0.08,0,0,0,0,0,0,0,0,0,0,0,0,0,0,0,0,0,0,0,0,0,0,0,0,0,0,0,0,0,0,0,0,0,0,0,0,0,0,0,0,0,0,0,0,0,0,0,0.91,0,0,0,0,0,0,0,0,0,0,0,0,0,0,0,0,0,0,0,0,0,0,0,0,0,0,0,0,0,0,0,0,0,0,0,0,0,0,0,0,0,0,0,0,0,0,0,0,0,0,0,0,0
Palestine,"6,057","5,888","5,600",,8.68067166,31.952162,35.26597309,3.313811092,0,0,0.0071334,0,0,0,0,0,0,0,0,0,0,0,0,0,0,0,0,0,0,0,0,0,0,0,0,0,0,0,0,0,0,0,0,0,0,0,0,0,0,0,0,0,0,0,0.008397,0,0,0,0,0.0098226,0,0,0.0284796,0,0,0,0.0854604,0,0,0,0,0,0,0,0,0,0,0,0.0072252,0,0.022842,0.0286794,0,0.46,0.0455706,0,0,0,0,0,0,0,0,0,0,0,0,0,0,0.0099576,0.0042714,0,0,0,0,0,0,0,0,0,0,0,0,0.0569322,0,0,0,0,0,0,0,0,0,0,0,0,0,0,0,0,0,0,0.0085428,0.0203796,0,0,0.0185112,0.0071226,0,0,0,0,0,0,0,0,0,0,0,0,0,0.0815238,0,0,0,0,0,0,0,0,0,0,0,0,0,0.0071334,0.0485784,0,0,0.0071226,0,0,0,0,0,0,0,0.0263142,0,0
Panama,"44,797","39,695","29,000",,10.58898051,8.537981,24.41097561,15.87299461,0,0,0,0.0271791,0,0,0,0,0,0,0.002,0,0,0,0.0072663,0,0,0,0,0,0,0,0,0,0.0063619,0,0,0,0,0,0.015,0,0,0.0059085,0.0082719,0,0,0.0011564,0,0,0,0,0,0,0,0,0,0,0.0013162,0,0,0,0,0,0.013,0.010296,0.0008502,0,0.012,0.0235885,0,0,0.0016309,0.0012753,0,0,0,0,0,0,0.0372,0,0,0,0.008,0.002,0.009,0,0,0,0,0,0,0,0,0,0,0,0.002,0,0.0026981,0,0,0,0,0.0010629,0,0,0,0,0,0,0,0,0,0,0.001694,0,0,0,0.001,0,0,0,0.0169617,0,0,0,0.0008,0.35699999,0,0,0,0,0.002,0,0,0,0,0,0,0,0,0.0032906,0,0.0021255,0,0.0033871,0,0,0,0,0,0.39700001,0,0,0,0,0,0.002,0,0,0.0005647,0,0.0031141,0,0,0,0,0,0,0,0,0.01,0,0,0,0,0,0,0,0
Papua New Guinea,"3,534","4,607","3,700",,8.435332165,6.314993,6.314993,0,0,0,0,0,0,0,0,0,0,0,0,0,0,0,0,0,0,0,0,0,0,0,0,0,0,0,0,0,0,0,0,0,0,0,0,0,0,0,0,0,0,0,0,0,0,0,0,0,0,0,0,0,0,0,0,0,0,0,0,0,0,0,0,0,0,0,0,0,0,0,0,0,0,0,0,0,0,0,0,0,0,0,0,0,0,0,0,0,0,0,0,0,0,0,0,0,0,0,0,0,0,0,0,0,0,0,0,0,0,0,0,0,0,0,0,0,0,0,0,0,1,0,0,0,0,0,0,0,0,0,0,0,0,0,0,0,0,0,0,0,0,0,0,0,0,0,0,0,0,0,0,0,0,0,0,0,0,0,0,0,0,0,0,0,0,0,0,0,0,0,0,0
Paraguay,"16,291","17,466","13,700",,9.768011413,23.442503,32.77635574,9.333852741,0,0,0,0.00272953,0,0,0,0,0,0,0,0,0,0,0.00049315,0,0,0,0,0.003,0,0,0,0,0.0002262,0,0,0,0,0,0,0,0,0.00059338,0.00083073,0,0,0.0000474,0,0,0,0,0,0,0,0,0,0,0.0000468,0,0,0,0,0,0,0.00074937,0.0000334,0,0.044,0.002119,0,0,0.00010465,0.0000501,0,0,0,0,0,0,0,0,0,0,0,0,0.006,0,0,0,0,0,0,0,0,0,0,0,0,0,0.0001106,0,0,0,0,0.00009536,0,0,0,0,0,0,0,0,0,0,0.00015198,0,0,0,0,0,0,0,0.0009385,0,0,0,0,0,0,0.45849997,0,0,0,0.004,0,0,0,0,0,0,0,0.000117,0,0.0000835,0,0.00021735,0,0,0,0,0,0.46849999,0,0,0,0,0,0,0,0,0.00005066,0,0.00021135,0,0,0,0,0,0,0.006,0,0,0,0,0,0,0,0,0,0
Peru,"16,631","16,717","12,500",,9.724181445,9.189967,18.41524077,9.225273768,0,0,0,0.01560606,0,0,0,0,0,0,0,0,0,0,0.00281958,0,0,0,0,0,0,0,0,0,0.0012933,0,0,0,0,0,0.01,0,0,0.00339262,0.00474967,0,0,0.00027101,0,0,0,0,0,0,0,0,0,0,0.00026758,0,0,0,0,0,0,0.00428455,0.00019097,0,0,0.01211538,0,0,0.00059834,0.00028645,0,0,0,0,0,0,0,0,0,0,0,0,0,0,0.01,0,0,0,0,0,0,0,0,0,0,0,0.00063236,0,0,0,0,0.00054522,0,0,0,0,0,0,0,0,0,0,0.00086895,0,0,0,0,0,0,0,0.00536587,0,0,0,0,0,0,0,0.64239997,0,0,0,0,0,0,0,0,0,0,0.00066895,0,0.00047741,0,0.0012427,0,0,0,0,0,0.28042501,0,0,0,0,0,0,0,0,0.00028965,0,0.00120839,0,0,0,0,0,0,0,0,0,0,0,0,0,0,0,0,0
Philippines,"12,192","10,756","8,100",,9.283219017,12.879721,12.87972,-1E-06,0,0,0,0,0,0,0,0,0,0,0,0,0,0,0,0,0,0,0,0,0,0,0,0,0,0,0,0,0,0,0,0,0,0,0,0,0,0,0,0,0,0,0,0,0,0,0,0,0,0,0,0,0,0,0,0,0,0,0,0,0,0,0,0,0,0,0,0,0,0,0,0,0,0,0,0,0,0,0,0,0,0,0,0,0,0,0,0,0,0,0,0,0,0,0,0,0,0,0,0,0,0,0,0,0,0,0,0,0,0,0,0,0,0,0,0,0,0,0,0,0,0,0,1,0,0,0,0,0,0,0,0,0,0,0,0,0,0,0,0,0,0,0,0,0,0,0,0,0,0,0,0,0,0,0,0,0,0,0,0,0,0,0,0,0,0,0,0,0,0,0,0
Poland,"49,060","49,464","34,900",,10.80900041,51.919438,51.89420245,-0.02523555,0,0,0,0,0,0,0,0,0,0,0,0,0,0,0,0,0,0,0,0,0,0,0,0,0,0,0,0,0,0,0,0,0,0,0,0,0,0,0,0,0,0,0,0,0,0,0,0,0,0,0,0,0,0,0,0,0,0,0.01,0,0,0,0,0,0,0,0,0,0,0,0,0,0,0,0,0,0,0,0,0,0,0,0,0,0,0,0,0,0,0,0,0,0,0,0,0,0,0,0,0,0,0,0,0,0,0,0,0,0,0,0,0,0,0,0,0,0,0,0,0,0,0,0,0,0.985,0,0,0,0,0,0,0,0,0,0,0,0,0,0,0,0,0,0,0,0,0,0,0,0,0,0,0,0,0,0,0,0,0,0,0,0,0.005,0,0,0,0,0,0,0,0,0,0
Portugal,"47,070","48,759","33,700",,10.79464507,39.399872,39.21272372,-0.187148283,0,0,0,0.0061,0,0,0,0,0,0,0,0,0,0,0,0,0,0.001,0,0.0006,0.001,0,0,0,0,0,0,0,0,0,0.009,0,0,0,0,0,0,0,0.0003,0,0,0.0001,0,0,0,0,0,0,0,0,0,0,0,0,0,0,0,0,0,0,0,0,0,0,0,0,0,0,0.0012,0,0,0,0,0,0,0,0.0013,0,0,0,0,0,0,0,0,0,0,0,0,0,0,0,0,0,0.0003,0,0,0,0,0,0,0,0,0,0,0,0,0,0,0,0,0,0,0,0,0,0,0,0,0,0,0,0,0,0,0.976,0,0,0.001,0,0,0,0,0,0,0,0.0003,0,0,0.0002,0,0,0,0,0,0,0,0,0,0,0,0,0,0,0,0,0,0,0.0016,0,0,0,0,0,0,0,0,0,0,0,0,0
Puerto Rico,"43,219","47,700","32,600",,10.77268668,18.220833,31.54264439,13.32181139,0,0,0,0.02293962,0,0,0,0,0,0,0,0,0,0,0.00987105,0,0,0,0,0,0,0,0,0,0.01189029,0,0,0,0,0,0,0,0,0.00498688,0.00698163,0,0,0.0020619,0,0,0,0,0,0,0,0,0,0,0.00246006,0,0,0,0,0,0.00026,0.01318708,0.00153892,0,0.006214,0.023858,0,0,0.00231075,0.00230838,0,0,0,0,0,0,0,0,0,0,0.004382,0,0.002282,0,0,0,0,0,0,0,0,0,0,0,0,0,0.0048111,0,0,0,0,0.00107693,0,0,0,0,0,0,0,0,0,0,0.00171635,0,0,0,0.000652,0,0,0,0.0264018,0,0.000681,0,0,0,0,0,0,0,0.001297,0,0.17900001,0,0,0.000363,0,0,0,0.00615015,0,0.0038473,0,0.00479925,0,0,0,0,0,0.64099997,0,0,0,0.000597,0,0,0,0,0.00057212,0,0.00423045,0,0,0,0,0,0,0,0,0.005272,0,0,0,0,0,0,0,0
Romania,"43,179","47,903","30,800",,10.77693341,45.943161,45.9070365,-0.036124504,0,0,0,0,0,0,0,0,0,0,0,0,0,0,0,0,0,0.0035,0,0,0.0035,0,0,0,0,0,0,0,0,0,0,0,0,0,0,0,0,0,0.001,0,0,0.0004,0,0,0,0,0,0,0,0,0,0,0,0,0,0,0,0,0.005,0,0,0,0,0,0,0,0,0,0,0,0,0,0,0,0,0,0,0,0,0,0,0,0,0,0,0,0,0,0,0,0,0,0,0,0.0009,0,0,0,0,0,0,0,0,0,0,0,0,0,0,0,0,0,0,0,0,0,0,0,0,0,0,0,0,0,0,0,0,0,0.978,0,0,0,0,0,0,0,0.0012,0,0,0.0008,0,0,0,0,0,0,0,0,0,0,0,0,0,0,0,0,0,0,0.0057,0,0,0,0,0,0,0,0,0,0,0,0,0
Russia,"38,292","44,104","27,500",,10.69430576,61.52401,61.00791911,-0.51609089,0,0,0,0,0,0.005,0,0,0,0,0,0.007,0,0,0,0,0,0,0,0,0,0,0,0,0,0,0,0,0,0,0,0,0,0,0,0,0,0,0,0,0,0,0,0,0,0,0,0,0,0,0,0,0,0,0,0,0,0,0.005,0,0,0,0,0,0,0,0,0,0,0,0,0,0,0,0,0,0,0,0,0,0,0,0,0,0,0,0,0,0,0,0,0,0,0,0,0,0,0,0,0,0,0,0,0,0,0,0,0,0,0,0,0,0,0,0,0,0,0,0,0,0,0,0,0,0,0,0,0,0,0.96,0,0,0,0,0,0,0,0,0,0,0,0,0,0,0,0,0,0,0,0,0,0,0,0,0,0,0,0,0,0,0,0.023,0,0,0,0,0,0,0,0,0,0
Rwanda,"3,367","3,361","2,200",,8.119993828,1.940278,1.99758912,0.05731112,0,0,0,0,0,0,0,0,0,0,0,0,0,0,0,0,0,0,0,0,0,0,0.04,0,0,0,0,0,0,0,0,0,0,0,0,0,0,0,0,0,0,0,0,0,0,0,0,0,0,0,0,0,0,0,0,0,0,0,0,0,0,0,0,0,0,0,0,0,0,0,0,0,0,0,0,0,0,0,0,0,0,0,0,0,0,0,0,0,0,0,0,0,0,0,0,0,0,0,0,0,0,0,0,0,0,0,0,0,0,0,0,0,0,0,0,0,0,0,0,0,0,0,0,0,0,0,0,0,0,0,0.96,0,0,0,0,0,0,0,0,0,0,0,0,0,0,0,0,0,0,0,0,0,0,0,0,0,0,0,0,0,0,0,0,0,0,0,0,0,0,0,0,0
Senegal,"4,661","4,833","3,500",,8.483222672,14.497401,15.00667972,0.50927872,0,0,0,0,0,0,0,0,0,0,0,0,0,0,0,0,0,0,0,0,0,0,0,0,0,0,0,0,0,0,0,0,0,0,0,0,0,0,0,0,0,0,0,0,0,0,0,0,0,0,0,0,0,0,0.013,0,0,0,0,0,0,0,0,0,0,0,0,0,0,0,0,0,0,0,0,0,0,0,0,0,0,0,0,0,0,0,0,0,0.005,0,0,0,0,0,0,0,0,0,0,0,0,0,0,0,0,0,0,0,0,0,0,0,0,0,0,0,0,0,0,0,0,0,0,0,0,0,0,0,0,0,0,0,0,0,0,0.982,0,0,0,0,0,0,0,0,0,0,0,0,0,0,0,0,0,0,0,0,0,0,0,0,0,0,0,0,0,0,0,0,0,0,0,0
Serbia,"27,985","27,402","19,800",,10.21837128,44.016521,43.67247433,-0.344046673,0,0,0,0,0,0,0,0,0,0,0,0,0,0,0,0,0,0.02,0,0,0.0079,0,0,0,0,0,0,0,0,0,0,0,0,0,0,0,0,0,0.0305,0,0,0.0002,0,0,0,0,0,0,0,0,0,0,0,0,0,0,0,0,0,0,0,0,0,0,0,0,0,0,0.0425,0,0,0,0,0,0,0,0,0,0,0,0,0,0,0,0,0,0,0,0,0,0,0,0,0,0.0055,0,0,0,0,0,0,0,0,0,0,0,0,0,0,0,0,0,0,0,0,0,0,0,0,0,0,0,0,0,0,0,0,0,0.01,0.005,0,0,0,0,0,0,0.8558,0,0,0.0094,0,0,0,0,0,0,0,0,0,0,0,0,0,0,0,0,0,0,0.0132,0,0,0,0,0,0,0,0,0,0,0,0,0
Sierra Leone,"2,189","1,847","1,600",,7.52131798,8.460555,5.280999672,-3.179555328,0,0,0,0.01568844,0,0,0,0,0,0,0,0,0,0,0.00382568,0,0,0,0,0,0,0,0,0,0.00678578,0,0,0,0,0,0,0,0,0.00341053,0.00477474,0,0,0.0017892,0,0,0,0,0,0,0,0,0,0,0.00140395,0,0,0,0,0,0,0.00809038,0.00274995,0,0,0.01423275,0,0,0.00249283,0.00412492,0,0,0,0,0,0,0,0,0,0,0,0,0,0,0,0,0,0,0,0,0,0,0,0,0,0,0.1541748,0,0,0,0,0.00056616,0,0,0,0,0,0,0,0,0,0,0.00090232,0,0,0,0,0,0,0,0.01248503,0,0,0,0,0,0,0,0,0,0,0,0,0,0,0,0,0,0,0.00350989,0,0.00687487,0,0.75017742,0,0,0,0,0,0,0,0,0,0,0,0,0,0,0.00030077,0,0.00163958,0,0,0,0,0,0,0,0,0,0,0,0,0,0,0,0,0
Singapore,"133,737","141,500","106,000",,11.860055,1.352083,29.89421354,28.54213054,0,0,0,0,0,0,0,0,0,0,0.005,0,0,0,0,0,0,0,0,0,0,0,0,0,0,0,0,0,0,0,0.77,0,0,0,0,0,0,0,0,0,0,0,0,0,0,0,0,0,0,0,0,0,0,0,0,0,0,0,0,0,0,0,0,0,0,0,0,0,0,0,0.06,0.11,0,0,0,0,0,0,0.005,0,0,0,0,0,0,0,0,0,0,0,0,0,0,0,0,0,0,0.03,0,0,0,0,0,0,0,0,0,0,0,0,0,0,0,0,0,0,0,0,0.005,0,0,0,0,0.005,0,0,0,0,0,0,0,0,0,0,0,0,0,0,0,0,0,0,0,0,0.005,0,0,0,0,0,0,0,0,0,0,0,0,0,0,0,0,0,0,0.005,0,0,0,0,0,0,0,0
Slovakia,"44,081","44,650","31,900",,10.70660959,48.669026,48.44755526,-0.221470741,0,0,0,0,0,0,0,0,0,0,0,0,0,0,0,0,0,0.0023,0,0,0.0023,0,0,0,0,0,0,0,0,0,0,0,0,0,0,0,0,0,0.0007,0,0,0.0082,0,0,0,0,0,0,0,0,0,0,0,0,0,0,0,0,0,0,0,0,0,0,0,0,0,0,0.1,0,0,0,0,0,0,0,0,0,0,0,0,0,0,0,0,0,0,0,0,0,0,0,0,0,0.0006,0,0,0,0,0,0,0,0,0,0,0,0,0,0,0,0,0,0,0,0,0,0,0,0,0,0,0,0,0,0,0,0,0,0.0025,0,0,0,0,0,0,0,0.0008,0,0,0.8787,0,0,0,0,0,0,0,0,0,0,0,0,0,0,0,0,0,0,0.0039,0,0,0,0,0,0,0,0,0,0,0,0,0
Slovenia,"53,287","54,948","40,000",,10.91414256,46.151241,47.94544851,1.79420751,0,0,0,0,0,0,0,0.013,0,0,0,0,0,0,0,0,0,0.011,0,0,0,0,0,0,0,0,0,0,0,0,0,0,0,0,0,0,0,0,0.018,0,0,0,0,0,0,0,0,0,0,0,0,0,0,0,0,0,0,0,0,0,0,0,0,0,0,0,0,0,0,0,0,0,0,0,0,0,0,0,0,0,0,0,0,0,0,0,0,0,0,0,0,0,0,0,0,0,0,0,0,0,0,0,0,0,0,0,0,0,0,0,0,0,0,0,0,0,0,0,0,0,0,0,0,0,0,0,0,0,0,0,0,0,0,0,0,0,0.02,0,0,0,0.938,0,0,0,0,0,0,0,0,0,0,0,0,0,0,0,0,0,0,0,0,0,0,0,0,0,0,0,0,0,0,0
Somalia,"2,062","1,611","1,100",,7.384610383,5.152149,5.266555391,0.114406391,0,0,0,0,0,0,0,0,0,0,0,0,0,0,0,0,0,0,0,0,0,0,0,0,0,0,0,0,0,0,0,0,0,0,0,0,0,0,0,0,0,0,0,0,0,0,0,0,0,0,0,0,0,0,0,0,0,0,0,0,0,0,0,0,0,0,0,0,0,0,0,0,0,0,0,0,0,0,0,0,0,0,0,0,0,0,0,0,0,0,0,0,0,0,0,0,0,0,0,0,0,0,0,0,0,0,0,0,0,0,0,0,0,0,0,0,0,0,0,0,0,0,0,0,0,0,0,0,0,0,0,0,0,0,0,0,0,0,0,0,0,0.989,0,0,0,0,0,0,0,0,0,0,0,0,0,0,0,0,0,0,0,0,0,0,0,0,0,0,0,0.011,0,0
South Africa,"16,424","15,847","13,300",,9.670735487,30.559482,33.73125373,3.171771728,0,0,0,0,0,0,0,0,0,0,0,0,0,0,0,0,0,0,0,0,0,0,0,0,0,0,0,0,0,0,0,0,0,0,0,0,0,0,0,0,0,0,0,0,0,0,0,0,0,0,0,0,0,0,0.031,0,0,0,0.04,0,0,0,0,0,0,0,0,0,0,0,0.029,0.0045,0,0,0,0,0,0,0,0,0,0,0,0,0,0,0,0,0,0,0,0,0,0,0,0,0,0,0,0,0,0,0,0,0,0,0,0,0,0,0.036,0,0,0,0,0,0,0,0,0,0,0,0,0,0,0.019,0,0,0,0,0,0,0,0,0,0,0,0,0,0,0,0,0.7865,0,0,0,0,0,0,0,0,0,0,0,0,0,0,0,0,0,0,0,0,0.054,0,0,0,0,0,0,0,0
South Korea,"59,330","54,033","44,200",,10.89735025,35.907757,35.90776,3E-06,0,0,0,0,0,0,0,0,0,0,0,0,0,0,0,0,0,0,0,0,0,0,0,0,0,0,0,0,0,0,0,0,0,0,0,0,0,0,0,0,0,0,0,0,0,0,0,0,0,0,0,0,0,0,0,0,0,0,0,0,0,0,0,0,0,0,0,0,0,0,0,0,0,0,0,0,0,0,0,0,0,0,0,1,0,0,0,0,0,0,0,0,0,0,0,0,0,0,0,0,0,0,0,0,0,0,0,0,0,0,0,0,0,0,0,0,0,0,0,0,0,0,0,0,0,0,0,0,0,0,0,0,0,0,0,0,0,0,0,0,0,0,0,0,0,0,0,0,0,0,0,0,0,0,0,0,0,0,0,0,0,0,0,0,0,0,0,0,0,0,0,0
Spain,"52,012","52,779","37,900",,10.87386866,40.463667,40.50217646,0.038509461,0,0,0,0,0,0,0,0,0,0,0,0,0,0,0,0,0,0.0023,0,0,0.0029,0,0,0,0,0,0,0,0,0,0,0,0,0,0,0,0,0,0.0008,0,0,0.0003,0,0,0,0,0,0,0,0,0,0,0,0,0,0,0,0,0,0,0,0,0,0,0,0,0,0,0.0037,0,0,0,0,0,0,0,0,0,0,0,0,0,0,0,0,0,0,0,0,0,0,0,0,0,0.0007,0,0,0,0,0,0,0,0,0,0,0.003,0,0,0,0,0,0,0,0,0,0,0,0,0,0,0,0,0,0,0,0,0,0,0.0031,0,0,0,0,0,0,0,0.001,0,0,0.0006,0,0,0,0.977,0,0,0,0,0,0,0,0,0,0,0,0,0,0,0.0046,0,0,0,0,0,0,0,0,0,0,0,0,0
Sri Lanka,"14,255","14,455","13,400",,9.578795654,7.873054,8.5090853,0.6360313,0,0,0,0,0,0,0,0,0,0,0,0,0,0,0,0,0,0,0,0,0,0,0,0,0,0,0,0,0,0,0,0,0,0,0,0,0,0,0,0,0,0,0,0,0,0,0,0,0,0,0,0,0,0,0,0,0,0,0,0,0,0,0,0,0,0,0,0,0,0,0.05,0,0,0,0,0,0,0,0,0,0,0,0,0,0,0,0,0,0,0,0,0,0,0,0,0,0,0,0,0,0,0,0,0,0,0,0,0,0,0,0,0,0,0,0,0,0,0,0,0,0,0,0,0,0,0,0,0,0,0,0,0,0,0,0,0,0,0,0,0,0,0,0,0,0.95,0,0,0,0,0,0,0,0,0,0,0,0,0,0,0,0,0,0,0,0,0,0,0,0,0,0,0
Sudan,"3,443","3,137","3,700",,8.051022208,12.862807,12.87091065,0.00810365,0,0,0,0,0,0,0,0,0,0,0,0,0,0,0,0,0,0,0,0,0,0,0,0,0,0,0,0,0,0,0,0,0,0,0,0,0,0,0,0,0,0,0,0,0,0,0.012,0,0,0,0,0,0,0,0,0,0,0,0,0,0,0,0,0,0,0,0,0,0,0,0,0,0,0,0,0,0,0,0,0,0,0,0,0,0,0,0,0,0,0,0,0,0,0,0,0,0,0,0.0094,0,0,0,0,0,0,0,0,0,0,0,0,0,0,0,0.056,0,0,0,0,0,0,0,0,0,0,0,0,0,0,0,0,0,0,0,0,0.0046,0,0,0,0,0,0,0,0,0,0.918,0,0,0,0,0,0,0,0,0,0,0,0,0,0,0,0,0,0,0,0,0,0,0,0,0,0
Sweden,"69,177","70,207","53,600",,11.1592033,60.128161,59.75714782,-0.37101318,0,0,0,0,0,0,0,0,0,0,0,0,0,0,0,0,0,0.005,0,0,0,0,0,0,0,0,0,0,0,0,0,0,0,0,0,0,0,0,0,0,0,0,0.007,0,0,0,0,0,0,0,0,0,0,0.025,0,0,0,0,0,0,0,0,0,0,0,0,0,0,0,0,0,0,0,0,0,0,0,0,0,0,0,0,0,0.007,0,0,0,0,0,0,0,0,0,0,0,0,0,0,0,0,0,0,0,0,0,0,0,0,0,0,0,0,0,0,0,0,0.009,0,0,0,0,0,0,0,0.007,0,0,0,0,0,0,0,0,0,0,0,0.005,0,0,0,0,0,0,0,0,0,0,0.935,0,0,0,0,0,0,0,0,0,0,0,0,0,0,0,0,0,0,0,0,0,0,0,0
Switzerland,"91,932","92,980","71,000",,11.4401397,46.818188,46.22471748,-0.59347052,0,0,0,0,0,0,0,0.005,0,0,0,0,0,0,0,0,0,0.013,0,0,0,0,0,0,0,0,0,0,0,0,0,0,0,0,0,0,0,0,0,0,0,0,0,0,0,0,0,0,0,0,0,0,0,0,0.015,0,0,0,0.02,0,0,0,0,0,0,0,0,0,0,0,0,0,0,0,0,0,0.045,0,0,0,0,0,0,0,0,0,0,0,0,0,0,0,0,0,0,0,0,0,0,0,0,0,0,0,0,0,0,0,0,0,0,0,0,0,0,0,0,0,0,0,0,0,0,0,0,0.013,0,0,0,0,0,0,0,0,0,0,0.007,0,0,0,0,0,0,0.01,0.005,0,0,0,0.852,0,0,0,0,0,0,0,0,0,0.01,0,0,0,0,0.005,0,0,0,0,0,0,0,0
Syria,"6,375","2,914","2,900",,7.977281987,34.802075,34.58935252,-0.21272248,0,0,0,0,0,0,0,0,0.007,0,0,0,0,0,0,0,0,0,0,0,0,0,0,0,0,0,0,0,0,0,0,0,0,0,0,0,0,0,0,0,0,0,0,0,0,0,0,0,0,0,0,0,0,0,0,0,0,0,0,0,0,0,0,0,0,0,0,0,0,0,0,0,0,0,0,0.028,0,0,0,0,0,0,0,0,0,0,0,0,0.005,0,0,0,0,0,0,0,0,0,0,0,0,0,0,0,0,0,0,0,0,0,0,0,0,0,0,0,0,0,0,0,0,0,0,0,0,0,0,0,0,0,0,0,0,0,0.03,0,0,0,0,0,0,0,0,0,0,0,0,0,0,0.885,0,0,0,0,0,0,0,0,0.045,0,0,0,0,0,0,0,0,0,0,0,0,0
Taiwan,"76,858",,,,11.24971484,23.69781,35.618383,11.920573,0,0,0,0,0,0,0,0,0,0,0,0,0,0,0,0,0,0,0,0,0,0,0,0,0,0,0,0,0,0,0.98,0,0,0,0,0,0,0,0,0,0,0,0,0,0,0,0,0,0,0,0,0,0,0,0,0,0,0,0,0,0,0,0,0,0,0,0,0,0,0,0,0,0,0,0,0,0,0,0,0,0,0,0,0,0,0,0,0,0,0,0,0,0,0,0,0,0,0,0,0,0,0,0,0,0,0,0,0,0,0,0,0,0,0,0,0,0,0,0,0,0,0,0,0,0,0,0,0,0,0,0,0,0,0,0,0,0,0,0,0,0,0,0,0,0,0,0,0,0,0,0.02,0,0,0,0,0,0,0,0,0,0,0,0,0,0,0,0,0,0,0,0,0
Tajikistan,"5,832","5,082","3,900",,8.533460164,38.861034,39.5608621,0.6998281,0,0,0,0,0,0,0,0,0,0,0,0,0,0,0,0,0,0,0,0,0,0,0,0,0,0,0,0,0,0,0,0,0,0,0,0,0,0,0,0,0,0,0,0,0,0,0,0,0,0,0,0,0,0,0,0,0,0,0,0,0,0,0,0,0,0,0,0,0,0,0,0,0,0,0,0,0,0,0,0,0,0,0,0,0,0,0,0,0,0,0,0,0,0,0,0,0,0,0,0,0,0,0,0,0,0,0,0,0,0,0,0,0,0,0,0,0,0,0,0,0,0,0,0,0,0,0,0,0,0.025,0,0,0,0,0,0,0,0,0,0,0,0,0,0,0,0,0,0,0,0,0,0.961,0,0,0,0,0,0,0,0,0,0.014,0,0,0,0,0,0,0,0,0,0
Tanzania,"3,746","3,972","2,600",,8.287025025,6.369028,6.369028,0,0,0,0,0,0,0,0,0,0,0,0,0,0,0,0,0,0,0,0,0,0,0,0,0,0,0,0,0,0,0,0,0,0,0,0,0,0,0,0,0,0,0,0,0,0,0,0,0,0,0,0,0,0,0,0,0,0,0,0,0,0,0,0,0,0,0,0,0,0,0,0,0,0,0,0,0,0,0,0,0,0,0,0,0,0,0,0,0,0,0,0,0,0,0,0,0,0,0,0,0,0,0,0,0,0,0,0,0,0,0,0,0,0,0,0,0,0,0,0,0,0,0,0,0,0,0,0,0,0,0,0,0,0,0,0,0,0,0,0,0,0,0,0,0,0,0,0,0,0,0,0,0,1,0,0,0,0,0,0,0,0,0,0,0,0,0,0,0,0,0,0,0
Thailand,"23,401","23,423","17,100",,10.06147372,15.870032,18.6688582,2.7988262,0,0,0,0,0,0,0,0,0,0,0,0,0,0,0,0,0,0,0,0,0,0,0,0,0,0,0,0,0,0,0.14,0,0,0,0,0,0,0,0,0,0,0,0,0,0,0,0,0,0,0,0,0,0,0,0,0,0,0,0,0,0,0,0,0,0,0,0,0,0,0,0,0,0,0,0,0,0,0,0,0,0,0,0,0,0,0,0,0,0,0,0,0,0,0,0,0,0,0,0,0,0,0,0,0,0,0,0,0,0,0,0,0,0,0,0,0,0,0,0,0,0,0,0,0,0,0,0,0,0,0,0,0,0,0,0,0,0,0,0,0,0,0,0,0,0,0,0,0,0,0,0,0,0,0.86,0,0,0,0,0,0,0,0,0,0,0,0,0,0,0,0,0,0
Trinidad and Tobago,"32,685","31,572","23,000",,10.36002593,10.691803,16.89412948,6.202326483,0,0,0,0.06678625,0,0,0,0,0,0,0.0227,0,0,0,0.0287385,0,0,0,0,0,0,0,0,0,0.0346173,0,0,0,0,0,0.015,0,0,0.01451875,0.02032625,0,0,0.006003,0,0,0,0,0,0,0,0,0,0,0.0071622,0,0,0,0,0,0.023,0.03839275,0.0044804,0,0,0.06946,0,0,0.0067275,0.0067206,0,0,0,0,0,0,0.42222,0,0,0,0,0,0,0,0,0,0,0,0,0,0,0,0,0,0,0,0.014007,0,0,0,0,0.00313536,0,0,0,0,0,0,0,0,0,0,0.00499698,0,0,0,0,0,0,0,0.076866,0,0,0,0.00908,0,0,0,0,0,0,0,0,0,0,0,0,0,0,0.0179055,0,0.011201,0,0.0139725,0,0,0,0,0,0.023,0,0,0,0,0,0,0,0,0.00166566,0,0.0123165,0,0,0,0,0,0,0,0,0.025,0,0,0,0,0,0,0,0
Tunisia,"13,645","13,682","10,400",,9.523836379,33.886917,33.88692,3E-06,0,0,0,0,0,0,0,0,0,0,0,0,0,0,0,0,0,0,0,0,0,0,0,0,0,0,0,0,0,0,0,0,0,0,0,0,0,0,0,0,0,0,0,0,0,0,0,0,0,0,0,0,0,0,0,0,0,0,0,0,0,0,0,0,0,0,0,0,0,0,0,0,0,0,0,0,0,0,0,0,0,0,0,0,0,0,0,0,0,0,0,0,0,0,0,0,0,0,0,0,0,0,0,0,0,0,0,0,0,0,0,0,0,0,0,0,0,0,0,0,0,0,0,0,0,0,0,0,0,0,0,0,0,0,0,0,0,0,0,0,0,0,0,0,0,0,0,0,0,0,0,0,0,0,0,0,0,1,0,0,0,0,0,0,0,0,0,0,0,0,0,0
Turkey,"43,921","44,151","31,500",,10.69537086,38.963745,39.86917332,0.90542832,0,0,0,0,0,0,0,0,0.01,0,0,0,0,0,0,0,0,0,0,0,0.02,0,0,0,0,0,0,0,0,0,0,0,0,0,0,0,0,0,0,0,0,0,0,0,0,0,0,0,0,0,0,0,0,0,0,0,0,0,0,0,0,0,0,0,0,0,0,0,0,0,0,0,0,0.007,0,0,0,0,0,0,0,0,0,0,0,0,0,0,0,0,0,0,0,0,0,0,0,0,0,0,0,0,0,0,0,0,0,0,0,0,0,0,0,0,0,0,0,0,0,0,0,0,0,0,0,0,0,0,0,0.008,0,0,0,0,0,0,0,0,0,0,0,0,0,0,0,0,0,0,0,0,0,0,0,0,0,0,0,0,0.883,0,0,0.072,0,0,0,0,0,0,0,0,0,0
Uganda,"3,345","3,098","2,200",,8.038512021,1.373333,1.373333,0,0,0,0,0,0,0,0,0,0,0,0,0,0,0,0,0,0,0,0,0,0,0,0,0,0,0,0,0,0,0,0,0,0,0,0,0,0,0,0,0,0,0,0,0,0,0,0,0,0,0,0,0,0,0,0,0,0,0,0,0,0,0,0,0,0,0,0,0,0,0,0,0,0,0,0,0,0,0,0,0,0,0,0,0,0,0,0,0,0,0,0,0,0,0,0,0,0,0,0,0,0,0,0,0,0,0,0,0,0,0,0,0,0,0,0,0,0,0,0,0,0,0,0,0,0,0,0,0,0,0,0,0,0,0,0,0,0,0,0,0,0,0,0,0,0,0,0,0,0,0,0,0,0,0,0,0,0,0,0,0,1,0,0,0,0,0,0,0,0,0,0,0
Ukraine,"15,464","18,008","12,900",,9.798571383,48.379433,50.8173618,2.4379288,0,0,0,0,0,0,0,0,0,0,0,0.007,0,0,0,0,0,0,0,0,0,0,0,0,0,0,0,0,0,0,0,0,0,0,0,0,0,0,0,0,0,0,0,0,0,0,0,0,0,0,0,0,0,0,0,0,0,0,0,0,0,0,0,0,0,0,0,0,0,0,0,0,0,0,0,0,0,0,0,0,0,0,0,0,0,0,0,0,0,0,0,0,0,0,0,0,0,0,0,0,0,0,0,0.005,0,0,0,0,0,0,0,0,0,0,0,0,0,0,0,0,0,0,0,0,0,0,0,0,0,0.183,0,0,0,0,0,0,0,0,0,0,0,0,0,0,0,0,0,0,0,0,0,0,0,0,0,0,0,0,0,0,0,0.805,0,0,0,0,0,0,0,0,0,0
United Kingdom,"58,880","58,906","45,000",,10.98369823,55.378051,53.40917978,-1.968871222,0,0,0,0.0014,0,0,0,0,0,0,0.005,0,0,0,0.0006,0,0,0,0,0,0,0,0,0,0.0008,0,0,0,0,0,0,0,0,0.0003,0.0004,0,0,0.0001,0,0,0,0,0,0,0,0,0,0,0.0002,0,0,0,0,0,0,0.0008,0.0001,0,0,0.0019,0,0,0.0001,0.0001,0,0,0,0,0,0,0.018,0,0,0,0.005,0,0,0,0,0,0,0,0,0,0,0,0,0,0,0,0.0003,0,0,0,0,0.0001,0,0,0,0,0,0,0,0,0,0,0.0001,0,0,0,0,0,0,0,0.0094,0,0,0,0.013,0,0,0,0,0,0,0,0,0,0,0,0,0,0,0.0004,0,0.0002,0,0.0004,0,0,0,0,0,0,0,0,0,0,0,0,0,0,0,0,0.0003,0,0,0,0,0,0,0,0,0.941,0,0,0,0,0,0,0,0
United States,"85,373","81,695","63,700",,11.31074808,37.09024,43.54808825,6.457848252,0,0,0,0.01504,0,0.00148,0,0.00297,0,0,0.00002,0,0.00142,0,0.00172,0,0,0.00027,0,0.00006,0,0,0,0.00076,0.00531,0.00008,0,0,0,0,0.01026,0.00092,0,0.00327,0.00458,0,0,0.00187,0.00179,0.0046,0,0.00621,0.00614,0.00014,0,0.00084,0.00071,0.0017,0.0011,0,0,0,0,0.00268,0.04377,0.00693,0.00357,0,0.1752,0.01215,0.0047,0.00142,0.00286,0.00536,0.00062,0,0.00059,0,0.0057,0,0.0066,0,0.0013,0,0.08935,0,0.06368,0,0.00441,0,0,0,0,0.00474,0,0,0.00069,0,0.00249,0,0.00435,0,0.00268,0,0.00012,0.00044,0,0,0,0,0,0,0.04869,0,0,0,0.0007,0,0,0,0.0185,0,0.00039,0,0.00858,0,0.01922,0,0.00102,0,0,0,0.0008,0.00813,0.0365,0.00517,0.00199,0,0.0015,0.01078,0,0.00002,0,0.00274,0,0.00893,0.00058,0.00594,0,0.00394,0.00083,0,0,0.04772,0,0,0,0.01715,0.0037,0.00101,0.00002,0,0.00023,0.00056,0.00074,0,0,0,0,0,0,0.0037,0,0.18423,0.03241,0,0,0,0.00396,0,0,0
Uruguay,"30,170","34,062","22,800",,10.43593767,32.522779,40.11683078,7.594051782,0,0,0,0.0109181,0,0,0,0,0,0,0,0,0,0,0.0019726,0,0,0,0,0,0,0,0,0,0.0009048,0,0,0,0,0,0,0,0,0.0023735,0.0033229,0,0,0.0001896,0,0,0,0,0,0,0,0,0,0,0.0001872,0,0,0,0,0,0.02085,0.0029975,0.0001336,0,0.02255,0.008476,0.005,0,0.0004186,0.0002004,0,0,0,0,0,0,0,0,0,0,0,0,0.36136,0,0,0,0,0,0,0,0,0,0,0,0,0,0.0004424,0,0.0001275,0,0,0.00038144,0,0,0,0,0,0,0,0,0,0,0.00060792,0,0,0,0,0,0,0,0.003754,0,0,0,0,0,0,0,0,0,0.000255,0.000555,0,0,0.0005525,0.0052125,0,0,0,0.000468,0,0.000334,0,0.0008694,0,0,0,0,0,0.48222,0,0,0,0,0,0,0,0,0.00020264,0,0.0008454,0,0,0,0.001105,0,0,0.0002125,0,0.02,0,0.04,0,0,0,0,0,0
Uzbekistan,"10,936","9,725","7,700",,9.182455168,41.377491,42.5708901,1.1933991,0,0,0,0,0,0,0,0,0,0,0,0,0,0,0,0,0,0,0,0,0,0,0,0,0,0,0,0,0,0,0,0,0,0,0,0,0,0,0,0,0,0,0,0,0,0,0,0,0,0,0,0,0,0,0,0,0,0,0,0,0,0,0,0,0,0,0,0,0,0,0,0,0,0,0,0,0,0,0,0,0,0,0,0.01,0,0,0,0,0,0,0,0,0,0,0,0,0,0,0,0,0,0,0,0,0,0,0,0,0,0,0,0,0,0,0,0,0,0,0,0,0,0,0,0,0,0,0,0,0,0.055,0,0,0,0,0,0,0,0,0,0,0,0,0,0,0,0,0,0,0,0,0,0,0,0,0,0,0,0,0,0,0,0.02,0,0,0,0,0.915,0,0,0,0,0
Vietnam,"15,470","15,194","10,600",,9.628655892,14.058324,14.6034035,0.5450795,0,0,0,0,0,0,0,0,0,0,0,0,0,0,0,0,0,0,0,0,0,0,0,0,0,0,0,0,0,0,0.025,0,0,0,0,0,0,0,0,0,0,0,0,0,0,0,0,0,0,0,0,0,0,0,0,0,0,0,0,0,0,0,0,0,0,0,0,0,0,0,0,0,0,0,0,0,0,0,0,0,0,0,0,0,0,0,0,0,0,0,0,0,0,0,0,0,0,0,0,0,0,0,0,0,0,0,0,0,0,0,0,0,0,0,0,0,0,0,0,0,0,0,0,0,0,0,0,0,0,0,0,0,0,0,0,0,0,0,0,0,0,0,0,0,0,0,0,0,0,0,0,0,0,0,0,0,0,0,0,0,0,0,0,0,0,0,0,0,0.975,0,0,0
Yemen,"1,996","3,437","2,500",,8.142354277,15.552727,15.60567879,0.052951786,0,0,0,0,0,0,0,0,0,0,0,0,0,0,0,0,0,0,0,0,0,0,0,0,0,0,0,0,0,0,0,0,0,0,0,0,0,0,0,0,0,0,0,0,0,0,0,0,0,0,0,0.004,0,0,0,0,0,0,0,0,0,0,0,0,0,0,0,0,0,0,0.005,0,0,0,0,0,0,0,0,0,0,0,0,0,0,0,0,0,0,0,0,0,0,0,0,0,0.002,0,0,0,0,0,0,0,0,0,0.002,0,0,0,0,0,0,0,0,0,0,0.007,0.005,0,0,0,0,0,0,0,0,0,0,0,0,0,0,0,0,0,0,0,0,0,0,0,0,0,0,0.017,0,0,0,0,0,0,0.002,0,0,0,0,0,0,0,0,0,0,0,0,0,0,0,0,0.956,0,0
Zambia,"4,361","4,126","3,200",,8.325063694,13.133897,11.33589327,-1.798003726,0,0,0,0,0,0,0,0,0,0,0,0,0,0,0,0,0,0,0,0,0,0,0,0,0,0,0,0,0,0,0,0,0,0.338,0,0,0,0,0,0,0,0,0,0,0,0,0,0,0,0,0,0,0,0,0,0,0,0,0,0,0,0,0,0,0,0,0,0,0,0,0,0,0,0,0,0,0,0,0,0,0,0,0,0,0,0,0,0,0,0,0,0,0,0,0,0,0,0,0,0,0,0,0,0,0,0,0,0,0,0,0,0,0,0,0,0,0,0,0,0,0,0,0,0,0,0,0,0,0,0,0,0,0,0,0,0,0,0,0,0,0,0,0.049,0,0,0,0,0,0,0,0,0,0,0,0,0,0,0,0,0,0,0,0,0.01,0,0,0,0,0,0,0.603,0
Zimbabwe,"2,975","3,900","2,100",,8.268731832,19.015438,20.8797913,1.8643533,0,0,0,0,0,0,0,0,0,0,0,0,0,0,0,0,0,0,0,0,0,0,0,0,0,0,0,0,0,0,0,0,0,0,0,0,0,0,0,0,0,0,0,0,0,0,0,0,0,0,0,0,0,0,0,0,0,0,0,0,0,0,0,0,0,0,0,0,0,0,0,0,0,0,0,0,0,0,0,0,0,0,0,0,0,0,0,0,0,0,0,0,0,0,0,0,0,0,0,0,0,0,0,0,0,0,0,0,0,0,0,0,0,0,0,0,0,0,0,0,0,0,0,0,0,0,0,0,0,0,0,0,0,0,0,0,0,0,0,0,0,0,0.13,0,0,0,0,0,0,0,0,0,0,0,0,0,0,0,0,0,0,0,0,0.01,0,0,0,0,0,0,0,0.86
